datetime,instrument,KLEN,KLOW,ROC60,STD5,RSQR5,RSQR10,RSQR20,RSQR60,RESI5,RESI10,CORR5,CORR10,CORR20,CORR60,CORD5,CORD10,CORD60,VSTD5,WVMA5,WVMA60,LABEL0
2020-01-02,sh600519,0.32832208,1.2835197,0.55844593,0.78616685,-1.4731438,-0.90156424,-0.93203425,-0.7042607,-3.0,-1.4815005,-0.66316926,-0.24257784,-0.09210623,-0.5664708,-1.1586723,-1.1296794,-1.4351821,1.0512538,2.010754,3.0,0
2020-01-03,sh600519,1.3157552,-0.6363917,0.89916086,2.7673514,0.08694179,-0.8946773,-0.63811374,-0.57002205,-2.4902058,-2.9100654,-1.13933,-0.87295383,-0.90937966,-0.7523118,-0.7663108,-0.8322461,-1.2557993,1.7783486,0.43270713,3.0,1
2020-01-06,sh600519,0.14749359,-0.25077483,1.0132371,3.0,0.7853497,-0.49508774,-0.43677756,-0.47231117,1.1053586,-1.7591699,-0.94517756,-0.9144766,-1.0599484,-0.82497877,-1.0320381,-0.8418481,-1.2038928,3.0,0.9055987,3.0,0
2020-01-07,sh600519,-0.13805634,-0.7339955,0.9430681,2.6794891,0.16415545,-0.2543516,-0.24394535,-0.39383045,2.7419677,-0.240879,-0.7841351,-0.8801311,-1.068665,-0.8545545,-1.0757567,-0.87283605,-1.2279099,3.0,0.933386,3.0,0
2020-01-08,sh600519,-2.1811004,-0.9481598,1.1549344,0.41523007,-0.8547568,-0.038889647,-0.09359688,-0.35979295,0.7853436,0.06729367,0.39926732,-0.64798343,-0.8730693,-0.8430443,-1.0656801,-0.8525241,-1.3166939,3.0,0.8886279,3.0,0
2020-01-09,sh600519,-0.8108242,-0.18115199,0.8392881,-0.663332,0.42149684,0.12577718,0.0,-0.27620706,0.25841007,1.149257,-0.8479882,-0.59744775,-0.83050984,-0.8706516,-0.10942834,-0.7849567,-1.2083219,3.0,2.318133,3.0,0
2020-01-10,sh600519,-0.99624336,0.2813745,0.8553218,-0.4143393,0.6348094,0.10014325,0.18049817,-0.22629838,0.18348996,1.7098255,-0.562968,-0.54669416,-0.8256772,-0.88133526,0.60667604,-0.7900141,-1.1683095,1.4680662,-0.3324749,3.0,-1
2020-01-13,sh600519,-2.1811004,-0.9481598,0.74676037,-0.3212323,0.6426688,-0.38829136,0.07732129,-0.17828345,0.29654288,1.8184767,0.3141472,-0.57374436,-0.8253301,-0.8918827,0.53318304,-0.9868096,-1.1696851,-0.18018349,-1.1813148,3.0,0
2020-01-14,sh600519,-2.1811004,-0.9481598,0.8036447,-0.4076816,-0.20069192,-0.83521575,0.15657887,-0.10113396,-1.147846,0.50335306,0.9541646,-0.5820405,-0.8077756,-0.8951909,0.50294805,-0.9697897,-1.1508316,-0.67449075,-1.5089545,3.0,0
2020-01-15,sh600519,-0.72309434,-0.1896312,0.7889224,-0.9173603,-1.2991027,-0.7448681,0.04764574,-0.034736887,-0.23984066,-0.02863676,0.03161855,-0.0933091,-0.84385985,-0.8785047,0.31704706,-0.9857975,-1.1566308,-0.35586253,-1.3811375,3.0,0
2020-01-16,sh600519,-0.76292515,-0.11943328,0.75325364,-1.0163155,-0.79641306,0.43880707,-0.050758537,0.059394438,-0.103828974,-0.6284131,0.6189173,-1.0620278,-0.7095026,-0.85108155,0.03748143,0.06822992,-1.1436915,0.49905887,-0.8601859,3.0,0
2020-01-17,sh600519,-1.1482437,0.27838007,0.7029097,-0.9800806,-0.15437068,0.028015224,-0.13043019,0.17284217,0.2570844,-0.5042492,0.7348619,-0.71055716,-0.5881668,-0.82623583,-0.035202328,0.3654284,-1.1420618,0.60149175,0.10166101,3.0,0
2020-01-20,sh600519,0.43482918,0.74989665,0.9160512,-0.8953462,-0.1526145,-0.94347394,-0.08255325,0.24954385,-0.6546154,-0.8725388,-0.8219823,0.0,-0.5351794,-0.8290314,-1.0698786,-0.2187062,-1.181857,-0.5052806,0.16315494,3.0,0
2020-01-21,sh600519,-0.8565233,-0.36598256,1.0507033,-0.16742814,0.6658188,-0.745937,-0.011943156,0.3155498,-0.54572934,-1.064827,-1.0881226,0.16848011,-0.44823936,-0.8182128,-1.1133219,0.0,-1.1488802,-0.5322751,0.12376582,3.0,0
2020-01-22,sh600519,0.42429084,1.9181577,1.1326221,-0.1030198,0.7454786,0.30198717,0.029756565,0.35505092,0.33140147,-0.41864097,-1.1797241,-0.2743834,-0.26913306,-0.8243573,-0.76339257,-0.0919288,-1.1783812,-0.47530335,0.6291028,3.0,0
2020-01-23,sh600519,1.349425,2.1322374,1.2250403,0.3840655,0.8636129,0.8128287,0.19887245,0.4064751,-0.2762675,-0.7478816,-1.2369621,-0.96367425,-0.30356595,-0.8566756,-1.0138808,-0.94036174,-1.2361953,-0.25117064,0.46077922,3.0,0
2020-02-03,sh600519,0.8528337,0.11670746,1.5351877,1.9476084,0.6004076,0.7747649,0.36931717,0.43663767,-1.7917578,-1.8884819,-1.2928498,-1.5207324,-0.66184366,-0.9758083,-1.3544831,-1.4035752,-1.4335413,0.6811958,1.7011892,3.0,1
2020-02-04,sh600519,1.8494973,-0.9481598,1.3295586,1.3945444,0.014069835,0.77799636,0.36943823,0.48275408,1.9058683,0.45448133,-1.3160765,-1.6645098,-0.7830324,-1.0056335,-1.446581,-1.5271074,-1.5206066,3.0,0.84872735,3.0,0
2020-02-05,sh600519,-0.23575668,2.4402556,1.3348522,0.98819345,-1.088712,0.67465085,0.26729423,0.5099096,1.9853969,1.2525928,-1.3049499,-1.6982621,-0.86587065,-1.0183486,-1.5103507,-1.5844737,-1.560391,3.0,0.8037093,3.0,0
2020-02-06,sh600519,-0.068274766,0.51910233,1.1951307,0.804358,-0.7982402,0.07425348,0.034034368,0.5271426,1.1564327,1.896298,-1.2604545,-1.6953744,-0.70607793,-1.0235709,-1.4763861,-1.535374,-1.5486076,3.0,0.26192915,3.0,0
2020-02-07,sh600519,-0.7263939,0.8143531,1.1295481,1.1996984,0.8477088,-0.5729563,-0.18963233,0.54389256,-0.7341413,1.5791346,-1.2722543,-1.6740441,-1.2967554,-1.0026008,-1.4212863,-1.527624,-1.5649877,3.0,0.8048631,3.0,0
2020-02-10,sh600519,-0.5851784,0.0,1.2374597,-0.09900398,0.2307388,-0.960546,-0.040190227,0.55539036,-1.0670966,0.60775775,-1.0738281,-1.6088033,-1.4703333,-0.9693083,-0.99903214,-1.5109304,-1.5473621,1.7635185,0.20742813,2.9985468,0
2020-02-11,sh600519,1.1983349,-0.9086973,1.0608761,0.00618129,0.24783729,-0.7718671,-0.15037276,0.53307664,0.7341159,1.2029846,0.009377378,-1.4078788,-1.4608568,-0.9740107,0.4575556,-1.1386902,-1.4186083,-0.3655438,-0.40406236,2.7572818,-1
2020-02-12,sh600519,-1.026355,-0.34713897,1.0320474,-0.23616363,0.08130443,-0.15560982,-0.35359058,0.512967,0.058680475,0.38339025,0.011780428,-1.453085,-1.5128143,-0.94743973,0.57572216,-1.1163188,-1.426198,0.96929497,0.43949303,2.7723641,0
2020-02-13,sh600519,0.11477411,-0.37691727,1.0847582,-0.32181153,-0.29520014,0.5553321,-0.44476995,0.49455518,-0.6934512,-0.5517533,0.36121678,-1.4743375,-1.542077,-0.9238999,0.45083869,-1.1150175,-1.4269623,0.2883683,1.4517289,2.7434852,0
2020-02-14,sh600519,-1.2520999,-0.0074238083,1.2285081,-0.42767996,-0.98980516,0.69150764,-0.5880383,0.46410292,-0.7403187,-1.0007095,0.24896702,-1.4688581,-1.5199819,-0.92101556,0.57489955,-1.0205028,-1.5245779,1.4562367,1.705438,2.8526673,0
2020-02-17,sh600519,-0.9402472,-0.928784,1.2254632,-1.2797484,-0.39006057,0.6016254,-0.7758854,0.42252526,0.3701403,-0.50530297,0.76736426,-1.1465626,-1.5626032,-0.90618706,0.6380759,-0.1152322,-1.5076431,1.0634851,2.0822008,2.846191,0
2020-02-18,sh600519,-0.9407412,-0.75569576,1.2588195,-1.1855329,-0.14680143,0.091662616,-0.9020421,0.39064345,-0.2109513,-0.73724705,0.40355885,-0.74771076,-1.684948,-0.8569431,-0.23700714,0.45174012,-1.5146513,-1.1719455,-0.6888687,2.808664,0
2020-02-19,sh600519,-0.07137547,0.40525493,1.193646,-1.21446,-1.3541609,-0.16959089,-0.93274987,0.3400994,0.43974718,-0.040839944,0.77124655,-0.10949722,-1.7057533,-0.82840216,0.5864227,0.5962071,-1.4770615,-0.79020137,-0.78424245,2.725965,0
2020-02-20,sh600519,0.35819417,-0.7014183,1.0901068,-0.42520007,-0.076122396,-0.033298507,-0.7576722,0.25151458,0.9160955,0.62991124,1.0232993,0.9567333,-1.4847275,-0.80735064,0.6408943,0.73265195,-1.4338509,-0.22225653,0.0887786,2.5697267,0
2020-02-21,sh600519,-0.99535334,-0.67449075,1.1287814,-0.33620623,0.15815434,0.02772746,-0.40690085,0.16960517,-0.25557464,0.14961791,0.71651757,0.78785026,-1.4588339,-0.74823797,0.6069315,0.84722614,-1.4111702,0.5721093,-0.12211392,2.5452986,0
2020-02-24,sh600519,-0.022388859,-0.6293593,1.2745275,-0.19334628,-1.3420806,-0.85125566,-0.05324606,0.12661147,-1.7175766,-0.73698217,0.41681978,0.7837102,-1.4162524,-0.7124809,-0.044941586,0.4095533,-1.4257425,-0.20029783,-0.6443377,2.388917,0
2020-02-25,sh600519,-0.897113,0.40042916,1.1426783,0.09322295,-0.40790248,-1.012573,0.058462135,0.10151675,-0.83756125,-1.0068033,-0.11537145,0.43887737,-1.4151633,-0.7697569,-0.038137365,0.03402137,-1.284063,-0.57737553,-0.93872243,2.5391695,1
2020-02-26,sh600519,0.47876725,0.4345522,1.0820032,0.40325403,0.7956615,-0.90696424,-0.0034239965,0.08152644,0.5797051,-0.72782904,-0.34107268,0.075244874,-1.4274157,-0.80426204,-0.24835752,0.12718089,-1.3048698,-0.66367525,-0.21584383,2.6083496,0
2020-02-27,sh600519,-0.46201006,-0.9481598,1.0141183,-0.13525859,-0.44073877,-0.83419865,0.06626213,0.037765067,1.3125011,0.06787667,-1.2333485,0.0631968,-1.4346856,-0.8396902,-1.0333381,-0.08506476,-1.3226985,-0.6409391,-0.19199781,2.5400627,0
2020-02-28,sh600519,0.7338973,0.4297279,1.2332569,-0.4257808,-0.5672096,-0.26596415,-0.35114247,0.024682185,-0.9793389,-0.8552742,-1.214032,-0.5527271,-1.4262954,-0.82630855,-1.4098969,-0.48645598,-1.3465067,-0.9767799,-0.3345972,2.3251293,0
2020-03-02,sh600519,2.1358614,-0.92820054,0.9709996,-0.48470515,-1.4683821,-0.34913936,-0.658633,-0.019241218,0.91176975,0.6340858,-0.78630054,-0.5194815,-0.8686871,-0.834621,-1.2392485,-0.58965147,-1.3210899,-0.8452666,-0.2905526,2.1790533,0
2020-03-03,sh600519,-0.3287831,-0.9481598,0.55540025,0.29026553,-0.60194945,-0.77203757,-0.73722774,-0.05893411,1.384876,1.5626079,-0.095705226,-0.362964,-0.22943042,-0.87812275,-1.2572358,-0.61232746,-1.0535082,-0.8796336,-0.69114476,2.2926989,0
2020-03-04,sh600519,-0.21046217,0.6853154,0.4899206,0.9364786,0.096258454,-1.0102665,-0.72531945,-0.14111795,0.6406348,1.6149867,0.27528128,0.13496517,0.3708137,-0.8565284,-1.2385597,-0.7211911,-1.0482519,-0.80884004,-1.5329621,2.1737316,0
2020-03-05,sh600519,1.6275008,0.11337394,0.19253772,2.2694488,0.9698654,-0.32041293,-0.5190932,-0.30004773,0.523167,2.0572991,0.9872329,0.73792785,0.99051243,-0.7775172,-1.2882587,-0.66652185,-1.0057127,-1.2010446,-1.5198306,1.9529244,-1
2020-03-06,sh600519,-0.16932164,-0.31322953,0.293264,1.4427333,0.64363164,0.45648295,-0.35505718,-0.40628308,-1.3989697,0.28184253,-0.13014212,0.33754537,0.6774715,-0.7787819,0.8324442,-0.41514003,-0.9249683,1.2776622,-0.945447,1.9051139,0
2020-03-09,sh600519,-0.14801648,-0.44913268,0.5541737,0.7962229,-1.4054465,0.33629525,-0.46515316,-0.43661445,-2.7658694,-1.7852515,-0.049920432,0.2848129,0.626706,-0.77171487,-0.23562612,-0.5394824,-0.958484,0.36686534,-0.9760854,1.7121896,0
2020-03-10,sh600519,2.6323297,-0.9481598,0.5416202,0.448843,-1.481005,0.42218935,-0.2122719,-0.5833022,1.0823928,-0.23746425,0.16836682,0.38390636,0.85580254,-0.7477644,-0.041034218,-0.34583643,-1.0661597,-0.10743782,-0.9825184,1.6549915,0
2020-03-11,sh600519,0.22812904,1.6842778,0.46887547,0.3113112,-1.4021554,0.38476875,0.024097301,-0.7054979,1.1673216,-0.45947564,0.17541379,0.090419285,0.7354624,-0.71960026,-0.03752961,-0.2673225,-1.1193205,1.3564041,-0.40507832,1.6782113,0
2020-03-12,sh600519,0.20024312,1.515024,0.60635054,0.08136177,-1.4624815,0.10517374,0.10043136,-0.78885704,-0.7797034,-1.3604574,-0.24001065,-0.21910991,0.66104907,-0.6744908,-0.21560565,-0.24259287,-1.0998528,0.5020503,-0.060046416,1.5886691,0
2020-03-13,sh600519,2.1959198,0.9764035,0.72482383,0.45094183,-1.4236811,-0.7855512,-0.048500124,-0.83257115,-1.915889,-1.7320752,-0.62029517,-0.34495366,0.5149701,-0.6178967,-0.6247733,-0.4082907,-1.1915636,-0.0626384,-0.6587729,1.3829005,0
2020-03-16,sh600519,1.8731482,0.0019428679,0.86710936,2.1364195,0.6891268,-0.69566536,-0.5017415,-0.81997323,-1.487207,-2.4589927,-0.5375495,-0.4012109,0.33130512,-0.62400275,-0.13185017,-0.11065946,-0.95885724,0.80499446,-0.6530527,1.2422556,0
2020-03-17,sh600519,3.0,3.0,1.1543498,3.0,0.96679723,0.13498668,-0.86104417,-0.8140539,0.054188058,-1.8952385,-1.0028082,-0.8335387,-0.24013826,-0.66168755,-0.4845529,-0.19757488,-1.0070616,0.27432236,-0.6977415,1.1492921,0
2020-03-18,sh600519,2.6901445,-0.9481598,1.3126023,3.0,0.9906853,0.66652876,-0.9222087,-0.7767333,-0.06095983,-1.83553,-0.85862577,-0.997209,-0.5953837,-0.7072952,0.50065,-0.13812737,-0.9521097,0.17456539,-1.4786988,0.9812672,1
2020-03-19,sh600519,3.0,3.0,1.5307841,3.0,0.93400025,0.7662386,-0.81510633,-0.75282633,0.93975145,-0.93630624,-0.6744908,-1.385027,-0.94829077,-0.81276864,0.6186032,-0.16879132,-1.0210967,-0.47095436,-1.8796527,0.94171643,0
2020-03-20,sh600519,0.90198344,-0.9481598,1.2479619,1.2708441,-0.5144928,0.6958593,-0.73201495,-0.7538237,2.9000635,1.6532966,-1.0839014,-1.2979419,-0.9890121,-0.79396534,-0.6566193,-0.56111246,-1.1319344,0.80661595,-1.8681794,0.7387952,0
2020-03-23,sh600519,2.0813959,0.8307508,1.2943404,0.40322462,-1.3841515,0.8577846,-0.5395793,-0.73963755,0.3524631,1.6612142,-0.55445236,-1.087782,-0.9386494,-0.7574164,-0.9904039,-0.44800532,-1.1041577,1.6249225,-1.3789876,0.6685171,0
2020-03-24,sh600519,0.049058452,0.6608652,0.98823446,0.69750553,0.116663724,0.3638236,-0.37578106,-0.74671686,0.96400344,2.9930139,-1.0941395,-1.1650473,-0.95831436,-0.7361444,-0.80859876,-0.6806248,-1.089696,2.2183256,-1.3911792,0.5317166,0
2020-03-25,sh600519,-0.6447723,0.18946014,0.85776114,1.539147,0.62425715,-0.4927176,-0.2756276,-0.7791522,0.5075144,2.8940656,-1.1607702,-0.9695827,-0.9343675,-0.7111963,-0.9652369,-0.7160148,-1.1167731,3.0,-1.2813772,0.44233492,0
2020-03-26,sh600519,0.46883738,-0.3774471,0.94262344,0.7444863,0.06474615,-0.9889054,-0.1739493,-0.79842013,-1.049585,1.1225003,-0.9514568,-0.6907659,-0.81910723,-0.6395338,-0.5255353,-0.6858823,-1.1094431,1.2980976,-0.7827741,0.3913128,0
2020-03-27,sh600519,-0.6558158,-0.8534207,0.7971957,0.7332668,0.087925725,-0.5388678,0.05537299,-0.8173967,-0.81307286,0.51795596,-0.929913,-1.3846015,-0.77718097,-0.6107213,0.10781579,-0.4978979,-1.0657947,-0.1712956,-0.7843202,0.38449308,0
2020-03-30,sh600519,-0.3436804,-0.30511874,0.8260832,-0.7460081,-0.95839,0.26175192,0.15250796,-0.83549184,-0.32636327,-0.37750217,-0.58719414,-1.4587126,-0.6850122,-0.5677795,-0.0007372911,-0.819871,-1.0594326,-0.12752274,-0.020597221,0.3750911,0
2020-03-31,sh600519,0.80769783,-0.90939033,0.75271976,0.029439058,-0.55038464,0.86252123,-0.08777307,-0.90259874,1.6216912,0.44504657,1.098825,-1.2863292,-0.6921569,-0.5883779,0.543633,-0.1611915,-1.0859078,-0.70802903,0.028258786,0.33724684,0
2020-04-01,sh600519,0.08618803,-0.9481598,0.9246908,0.29166368,0.38892376,0.85109264,-0.3207599,-0.96374863,-0.45901302,-0.40047336,0.84422374,-1.2428958,-0.7407527,-0.6125376,0.87565655,-0.085892476,-1.0489423,-0.1012063,0.71441895,0.39820158,0
2020-04-02,sh600519,1.4469283,-0.9253536,0.66986597,1.0937725,0.55940735,0.84112585,-0.7577775,-1.0186151,0.9230556,0.8751006,0.8268646,-0.3842052,-0.94421536,-0.5269773,0.8587301,0.3841773,-0.9621454,-0.5598748,0.21405673,0.24765185,0
2020-04-03,sh600519,-0.8145424,0.35026276,0.41566753,1.1022273,0.5555662,0.89607364,-0.9287371,-1.0262566,-0.79568005,-0.04262001,0.20944881,-0.40090117,-0.9380876,-0.70612186,0.8903361,0.85729754,-0.335143,0.8339857,0.5347797,-0.035961863,0
2020-04-07,sh600519,-0.70485806,1.0485945,0.04099279,0.5235265,0.49157473,0.904601,-0.89822334,-1.0199625,0.11696105,0.3559819,0.053270057,0.32693666,-0.909716,-0.70841104,0.78721064,0.77336997,-0.32384944,-0.28199512,-0.20773321,-0.4811053,0
2020-04-08,sh600519,-0.97112525,-0.9481598,0.03892846,0.46442428,0.41382653,0.9215652,-0.61528736,-1.0072273,-0.7019789,-0.19877863,-0.05821018,0.09897434,-1.1804459,-0.7493464,0.73468864,0.895553,-0.33080316,1.3252394,0.92423475,-0.47656778,0
2020-04-09,sh600519,-0.4234397,0.9481249,0.1319505,-0.81146497,0.038186662,0.9923121,-0.047060363,-0.9834104,-0.33136716,-0.7446169,-0.33411893,-0.1930567,-1.2613251,-0.79373246,0.67449075,1.0096195,-0.29573986,2.084987,1.3907306,-0.3876084,0
2020-04-10,sh600519,0.17439035,-0.15461497,0.06650239,-0.7972077,0.10045626,0.90667695,0.60255253,-0.95356697,-0.13268597,-0.67449075,0.0125488285,-0.46361434,-1.3099654,-0.8325868,0.79898846,0.99188846,-0.33736205,0.5642786,1.5971947,-0.38906035,0
2020-04-13,sh600519,-0.38515332,1.5367728,0.15592456,-1.4554695,-0.55302894,0.7229103,1.0880814,-0.91088456,-0.076248296,-0.84394896,-0.24632177,-0.60781157,-1.5087249,-0.88554496,0.78605914,1.0059116,-0.36868387,3.0,2.1106389,-0.32588765,0
2020-04-14,sh600519,-0.06483443,0.83567417,0.095182836,-0.70616615,0.07775624,0.7791589,1.2808883,-0.84120464,0.7417415,0.08272729,0.8282968,-0.5773829,-1.4280893,-0.8644037,0.8785189,0.89927447,-0.16372263,-0.21664792,2.0284293,-0.37246138,0
2020-04-15,sh600519,-0.8008977,-0.50818735,0.13377728,-0.41117883,0.6121837,0.75846964,1.3536146,-0.74770576,0.093436085,-0.00870383,0.79291767,-0.19649714,-1.4021542,-0.8770762,0.8759062,0.88531125,-0.1721658,0.27420956,1.3660499,-0.33187667,0
2020-04-16,sh600519,-1.1196511,0.6115972,0.012004073,-0.3115696,0.7189668,0.92670935,1.34389,-0.6607249,-0.09507403,0.19152455,0.38058177,-0.29761443,-1.3679839,-0.9189297,0.8633598,0.85112596,-0.20323691,1.1285702,0.7984436,-0.28023812,0
2020-04-17,sh600519,0.19770777,-0.08304825,-0.09720474,0.32239345,0.8068203,0.88036746,1.3567016,-0.5530818,0.5412974,0.74946225,0.78200126,0.52823186,-0.96530604,-0.8747503,0.8482639,1.1237724,-0.0641687,0.15703087,0.39055014,-0.374862,0
2020-04-20,sh600519,-1.0084108,-0.22658704,-0.12848482,0.07542558,0.7455136,0.89502925,1.3577924,-0.4510862,-0.16929592,0.29357156,-0.13837096,0.34492946,-0.869635,-0.91627884,0.84728026,1.117607,-0.067386724,0.6129047,0.4276362,-0.36249998,0
2020-04-21,sh600519,0.29111266,0.25447425,-0.00109273,-0.13153848,-0.9493021,0.729503,1.3219082,-0.36057234,-1.6582057,-1.0135489,0.27219746,0.80782115,-0.6872915,-0.9376348,0.06951877,0.56196976,-0.09800114,-0.13548145,0.43944538,-0.44546747,0
2020-04-22,sh600519,1.6376189,-0.29065222,-0.2825641,0.03751771,-0.7481364,0.82584286,1.3220539,-0.27674025,1.0298482,0.35978836,0.8037026,1.0891943,-0.19409329,-0.8740334,0.30845833,0.60127157,0.090603404,-0.15535286,0.13306177,-0.5200866,0
2020-04-23,sh600519,-0.78546005,-0.5739256,-0.39190274,0.037604745,-0.7377752,0.8627964,1.3355693,-0.21215689,0.72208554,0.16195504,0.12803528,0.82489914,-0.18154421,-0.9049858,0.2759378,0.5573959,0.06107466,0.6619113,0.08050633,-0.48124766,0
2020-04-24,sh600519,-0.25249535,1.2067661,-0.38377926,0.18572001,-0.21088043,0.8468241,1.3312695,-0.15099646,-0.36177865,-0.25710952,-0.21327458,0.46659568,-0.43663463,-0.9656577,0.13254648,0.5968304,0.07512443,2.2166412,1.3078504,-0.48411226,0
2020-04-27,sh600519,-0.07256458,0.05985516,-0.5964014,0.63844717,0.54805744,0.8468308,1.3317119,-0.110072725,-0.025654033,0.35723984,-0.34696588,-0.2961375,-0.39766863,-0.97077554,0.22816688,0.5795819,0.20186076,1.0553564,0.38270363,-0.431086,0
2020-04-28,sh600519,-0.054601055,0.23513898,-0.8412005,-0.35904723,0.653688,0.8670849,1.3526196,-0.09943823,0.0013884999,0.024530236,-0.109507486,0.20248143,-0.28134003,-0.8855181,0.5367231,0.49706393,0.67061424,0.36810628,1.328858,-1.0873454,0
2020-04-29,sh600519,0.11340737,1.8263388,-0.66265786,-0.5190539,0.26824343,0.7963343,1.3487684,-0.074071005,-0.5536247,-0.38057163,0.64337796,0.09394912,-0.11959272,-0.8947418,0.44767624,0.5391818,0.8811137,0.091393724,0.66311735,-0.9994334,0
2020-04-30,sh600519,-0.17856875,0.17745048,-0.5690559,-0.71012884,-1.0865111,0.53286475,1.3287188,-0.045672953,-0.81249875,-0.7319129,0.9251979,-0.33395126,-0.076996304,-0.9103345,0.45820946,0.5292658,0.9022364,-0.0118248295,0.6235394,-0.9492983,0
2020-05-06,sh600519,1.712037,-0.7804757,-0.60389924,-0.64534926,-1.0188483,0.67918354,1.3454249,0.0,1.1689125,0.20647046,0.8697635,0.23583588,0.361141,-0.8669872,0.5873062,0.4982887,0.98341155,-0.58929396,0.36548448,-0.95096934,0
2020-05-07,sh600519,-0.5326783,0.08508186,-0.6265597,-0.1325644,-0.06643678,0.77670777,1.3471344,0.047586925,0.6210345,0.16044967,0.4499846,0.073971696,0.3516512,-0.88757885,0.3562189,0.45563233,0.9774837,-0.24891339,0.80581343,-0.9684532,0
2020-05-08,sh600519,0.0,0.023473935,-0.6804836,0.11014017,0.5406429,0.86347395,1.3673732,0.08603204,-0.33229682,0.10739272,0.68726283,0.18883732,0.66952085,-0.90791875,0.49841976,0.7718054,0.97346365,-0.56307197,0.9088216,-0.9342479,0
2020-05-11,sh600519,-0.60710275,0.057816364,-0.5669078,0.12948495,0.5835758,0.8871837,1.3762751,0.1463547,-0.4889965,0.064201504,0.00088108866,0.65694314,0.47888494,-0.92899156,0.3594037,0.5948411,0.8648243,-0.2542151,0.6538445,-0.8271142,0
2020-05-12,sh600519,-0.77765995,-0.6298398,-0.60808486,-0.69777465,0.9399742,0.91874796,1.3772818,0.20353952,0.08595414,0.057543132,-1.3098941,0.15837896,0.11488711,-0.9884586,0.66083795,0.66006696,0.84591055,0.64752495,0.74371,-0.85009617,0
2020-05-13,sh600519,-1.076972,0.64445215,-0.6477017,-0.83446723,0.9185686,0.89759046,1.3742889,0.2532596,-0.0855678,-0.08579126,-1.2245426,-0.63715136,0.0037771603,-1.028598,-1.460697,0.5641883,0.850695,-0.45494467,-0.8223653,-0.828523,0
2020-05-14,sh600519,-1.4655744,-0.71473455,-0.6264016,-1.0099556,-0.290545,0.82774436,1.3520156,0.29719883,-0.6129738,-0.62656194,-0.9857777,-0.81976604,-0.68279666,-1.1018492,-0.3840273,0.4647877,0.8541367,-0.08949246,-1.3297067,-0.84008354,0
2020-05-15,sh600519,0.13641655,0.80708843,-0.5477805,-0.9551255,-0.9472175,0.3869228,1.2673714,0.3396863,-0.6693564,-1.0693005,-0.92432225,-0.59803116,-0.50670403,-1.1300689,-1.0652456,0.08054425,0.7958824,-0.9822788,-1.1476568,-0.8602349,0
2020-05-18,sh600519,1.212461,-0.9481598,-0.7172106,-0.713554,-1.4769673,0.34533706,1.2599176,0.37735167,1.179496,0.09207541,0.3206884,-0.2594312,-0.24739645,-1.1287847,-0.14347005,0.20151632,0.83693975,-0.3931259,0.6161398,-0.9319674,0
2020-05-19,sh600519,-0.32438898,0.29912516,-0.66034514,-0.5688201,-0.98121834,0.3546086,1.2455834,0.42037702,0.36707893,0.096511215,0.35047224,-0.5622507,-0.51618356,-1.1405904,0.011446611,0.29514945,0.8246491,0.05217105,1.2289019,-0.8649815,0
2020-05-20,sh600519,-0.56238365,0.50113416,-0.5814528,-0.40692562,0.11652369,0.3200527,1.2383701,0.47622094,-0.16110164,0.13428894,0.09817319,-0.2584982,-0.4343711,-1.1574985,-0.021309244,-0.14087676,0.7926306,0.45194042,1.1019257,-0.76133865,0
2020-05-21,sh600519,-0.8080622,-0.6168478,-0.6599132,-0.16746685,0.5573035,0.41060162,1.237659,0.5264753,-0.048549805,0.3878537,-0.4344094,-0.13464208,-0.5852146,-1.1829294,-0.14053711,0.00095270376,0.76960903,-0.10058222,0.69187313,-0.7818419,0
2020-05-22,sh600519,0.9008056,-0.13117138,-0.6362075,-0.59771705,-1.3946698,-0.4061745,1.1470474,0.5509859,-1.3271694,-0.8976844,-0.95317596,-0.057732876,-0.45042634,-1.165616,-0.57902586,-0.6553542,0.70851314,-0.408267,0.35037115,-0.78612924,0
2020-05-25,sh600519,1.1570731,0.47137856,-0.81823754,-0.502559,-1.4502096,-0.2745308,1.1326412,0.5729314,0.7897397,0.28080264,-0.6439597,0.22169548,0.12086161,-1.1522807,-1.0570525,-0.688329,0.6750595,-0.44344527,0.34158415,-0.8272901,0
2020-05-26,sh600519,-1.1180763,-0.4887411,-0.8058976,-0.49819878,-1.4500935,-0.13331608,1.0913055,0.59085166,0.20703764,-0.09361931,-0.7312085,0.013048038,0.07648589,-1.1622405,-0.98261577,-0.5415205,0.7022669,0.30637202,0.11220429,-0.8336923,0
2020-05-27,sh600519,-0.24588464,-0.17636833,-0.6717308,-0.3580321,-1.3248982,-0.47326756,0.9161587,0.6073636,-0.6027038,-0.7822313,-0.80041766,-0.062201917,-0.30050305,-1.1731162,-1.0342574,-0.6075167,0.6922974,-0.31431493,-0.5181413,-0.8276352,0
2020-05-28,sh600519,-0.30210316,1.692152,-0.8313902,-0.55319035,-1.468194,-0.7907009,0.76868886,0.6099531,-0.29126883,-0.3975302,-0.5859625,-0.51747406,-0.32307845,-1.165239,-1.1083163,-0.689235,0.8315622,-0.47771502,-0.22354901,-0.71202016,0
2020-05-29,sh600519,0.58878,-0.9481598,-0.7813629,-0.7228762,-1.4641322,-0.9539043,0.7374239,0.6264534,1.1182392,0.48769495,0.23949555,-0.6203116,0.01691286,-1.1516334,-0.46983707,-0.5377937,0.8596291,-1.0014015,-0.36135542,-0.6503713,0
2020-06-01,sh600519,0.5767448,-0.9481598,-0.84586805,0.7561374,-0.11448328,-0.4572184,0.6760001,0.65910566,1.8411462,1.6383629,0.8861699,0.5530753,0.3850925,-1.100826,0.21480721,-0.43583775,0.91316956,-0.84693134,0.44148293,-0.6525754,0
2020-06-02,sh600519,-0.7200111,-0.34815803,-0.7474763,1.1690598,0.67121357,-0.11354213,0.6850439,0.6981857,-0.7169525,0.68469095,0.61725175,0.34170544,0.2779311,-1.0938118,0.26776803,-0.3699654,0.93528545,-0.6936356,0.25709432,-0.5708796,0
2020-06-03,sh600519,-0.6852468,-0.4248253,-0.52479476,0.7430275,-0.0005727591,0.08685145,0.69688886,0.7614054,-1.5365599,-0.1286122,0.2871037,0.010909561,0.4707663,-1.1114414,0.82333916,-0.32278562,0.9182569,-0.34239247,0.6366092,-0.52094704,0
2020-06-04,sh600519,-1.134478,-0.9481598,-0.6232043,-0.13393734,-0.89760727,0.50912297,0.74208677,0.8113209,-0.41664678,-0.2858067,-0.07035971,-0.44186953,0.15177709,-1.1401939,0.7561756,-0.3621502,0.8254288,1.0637863,0.6534291,-0.47037792,0
2020-06-05,sh600519,-0.2541139,-0.3256572,-0.8599691,-0.93681735,-1.4395194,0.49020946,0.789948,0.83630675,0.82895094,0.038901865,-0.0027399815,-0.48500615,-0.078762725,-1.1554295,0.7468683,0.3855051,1.0119774,1.3446206,1.1458211,-0.36617136,-1
2020-06-08,sh600519,0.07393748,-0.34606415,-0.614329,-0.96966517,-1.2933134,0.46663576,0.81017065,0.8789528,-0.5468906,-0.8547584,-0.70217645,-0.26514986,0.0033288908,-1.1429406,-0.81388557,-0.10839673,0.81395525,-0.56821465,-1.2615916,-0.3466172,0
2020-06-09,sh600519,-0.49863672,0.14243118,-0.6404065,-0.93824935,-0.8134994,0.39493778,0.8806493,0.9216429,-0.07603281,-0.6017847,-0.70700586,-0.44906116,-0.1940006,-1.1494743,-1.1097971,-0.23635818,0.8017927,-0.2505098,-1.2833904,-0.36564502,0
2020-06-10,sh600519,-1.0648687,0.032267977,-0.75082374,-1.0378169,-1.0493221,0.1661131,0.95213675,0.95087665,0.24510595,-0.2990017,-0.56070775,-0.46257445,-0.33455557,-1.1541845,-1.3167784,-0.07793336,0.81097025,-0.27236572,-1.0309602,-0.2787042,0
2020-06-11,sh600519,-0.73140466,-0.43227276,-0.78522027,-0.8656541,-0.9501468,-0.6004086,0.8433999,0.9601945,-0.5938469,-0.74169683,-1.248759,-0.5235179,-0.5328108,-1.1330894,-1.3370547,-0.35422996,1.0432804,-0.5572477,-1.0020837,-0.2373736,0
2020-06-12,sh600519,0.14034803,-0.36440358,-1.0329374,-0.99245316,-1.4674968,-1.0068663,0.76781,0.9579155,0.21785237,0.08890931,-1.1168699,-0.35634065,-0.4927153,-1.1022524,-1.39846,-0.4084565,0.8846276,-0.8422902,-1.1428657,-0.21497065,0
2020-06-15,sh600519,-0.05511542,-0.64889055,-1.0186888,-0.42300817,-0.19238877,-0.89330876,0.49158683,0.9405492,-0.8018593,-0.8894421,-1.1903137,-1.1291193,-0.33340105,-1.0403724,-1.3429024,-1.1024623,0.9743328,-0.7068464,-0.5286781,-0.21593511,1
2020-06-16,sh600519,-0.72749174,-0.14263746,-1.247915,-0.4944819,-0.65640056,-0.85385865,0.37169018,0.93100363,0.76102513,0.0,-1.2315087,-1.148286,-0.3396621,-0.9667344,-1.4327666,-1.2867954,0.9420946,-0.72914845,-0.9796092,-0.42291498,0
2020-06-17,sh600519,-1.0192868,0.53468555,-1.3033226,-0.77121544,-1.4769626,-0.53662795,0.2500352,0.9258103,0.30418837,0.158259,-0.6737749,-1.0832562,-0.56386685,-0.89029086,-1.1936607,-1.2521415,1.0574254,0.47144175,-0.66907483,-0.2775159,0
2020-06-18,sh600519,-1.2728391,-0.2314215,-1.1585974,-0.70541507,-1.3959932,-0.624499,0.24080545,0.9169869,0.43831974,0.4198165,-0.788801,-1.2430859,-0.68634975,-0.83113235,-0.96914,-1.2206719,1.3307792,0.5657038,-0.025295634,-0.45756054,0
2020-06-19,sh600519,-0.116366364,-0.22427253,-1.3104978,-0.16214691,0.74963,-0.92855096,0.19434361,0.920662,0.47849503,0.9164254,0.14733432,-0.0039163055,-0.05518176,-0.6793365,-0.07747035,-0.5376427,1.3666185,-0.13415673,-0.23427688,-0.4562107,0
2020-06-22,sh600519,-1.4555155,-0.6704083,-1.1515347,-0.3537855,0.65547895,-0.6874418,0.21380605,0.91791666,-0.1659377,0.5462334,0.5150363,-0.15678182,-0.007457079,-0.6168799,0.69344866,-0.2617531,1.4520366,0.94597524,0.8055843,-0.42874005,0
2020-06-23,sh600519,1.1096711,-0.7318145,-1.1595879,0.29527652,0.7957709,-0.042577814,0.26397058,0.9181731,0.5335595,1.0622603,0.85077333,0.31678152,0.19555847,-0.518542,0.8165442,0.02754898,1.603892,0.18852708,0.7749689,-0.4286456,0
2020-06-24,sh600519,-0.8027997,1.203221,-1.2298584,0.27048755,0.783575,0.64136183,0.2606225,0.92219466,-0.31061953,0.38843557,0.37724632,0.11526695,0.16589382,-0.5215012,0.8118795,0.039841443,1.5739712,0.66182166,0.67449075,-0.3317717,0
2020-06-29,sh600519,-0.2309545,0.6440138,-1.1958444,-0.18143348,0.5485437,0.81244564,0.25470394,0.9262426,-0.4190615,-0.018465059,-0.26792446,0.18642351,0.24438056,-0.4602715,0.7576384,0.28479993,1.5615698,0.037802637,0.87393767,-0.25082275,0
2020-06-30,sh600519,-1.2583811,0.16445196,-1.2093576,-0.4177743,0.070300564,1.0608828,0.2549564,0.93422943,-0.5724016,-0.507413,0.26796356,-0.01016759,0.17347963,-0.47293028,0.7492377,0.33557263,1.5580288,-0.17261133,2.8395479,-0.21865927,0
2020-07-01,sh600519,0.6110333,-0.3794105,-1.1449689,-0.6072399,0.114470646,1.060033,0.53005105,0.93594,0.8322992,0.16585979,0.6833351,0.7968278,0.63112444,-0.27397767,0.806538,1.0058633,1.5105726,-0.5149947,0.9163052,-0.3911743,0
2020-07-02,sh600519,1.4513222,-0.38839066,-1.320159,0.8045885,0.43467402,0.98530036,0.6349299,0.9324691,1.3642203,0.9437144,1.0488558,1.2716528,1.0897597,-0.07967684,0.5168529,0.8918109,1.4819384,-0.14448972,1.3054562,-0.372424,0
2020-07-03,sh600519,0.057356663,2.4231868,-1.1501627,1.1025001,0.7175923,0.999879,0.74283284,0.92732817,-0.5051696,0.19302496,0.9148648,1.1235808,1.1377227,0.092619255,0.5466814,0.89444137,1.4210835,0.2367665,1.2883662,-0.41297805,0
2020-07-06,sh600519,3.0,-0.10386884,-1.3322446,1.8282418,0.8638907,0.9400255,0.81391424,0.905105,0.47980854,1.08693,0.972723,1.2247959,1.3885288,0.26833662,0.66467786,0.8945955,1.4942126,-0.14111844,0.2272206,-0.26779178,0
2020-07-07,sh600519,3.0,-0.6746698,-1.4837747,3.0,0.7509012,0.8533451,0.84827685,0.84086853,1.660268,2.0531778,1.0349864,1.6031212,1.6757833,0.59577024,0.3475675,0.839326,1.4854295,-0.39323583,-0.21436918,0.7350999,0
2020-07-08,sh600519,1.2397152,1.5491961,-1.4680829,2.8552344,0.6969293,0.9206686,0.9489771,0.80438864,-0.90245587,0.533205,0.95369124,1.5613883,1.7495357,0.7010458,0.8226228,0.84473044,1.4920449,-0.13985012,0.21623859,0.6744908,0
2020-07-09,sh600519,-0.4530242,0.16834247,-1.5324928,2.7090337,0.65938187,1.0392553,1.0680455,0.7702454,-1.2423792,-0.011790779,0.33816996,1.3009636,1.5809325,0.6943932,0.7146785,0.76843184,1.4222742,1.3057894,0.818003,0.5528608,0
2020-07-10,sh600519,0.567499,-0.94070107,-1.5283887,1.1554004,0.33985126,1.0798246,1.19322,0.746366,-0.8384827,-0.7550967,-0.6034558,1.0473883,1.4841973,0.7293893,0.5830085,0.7089685,1.4270064,1.0133789,0.7002552,0.5493658,-1
2020-07-13,sh600519,1.9271958,-0.9481598,-1.6938308,0.7231703,0.4039744,1.1050483,1.2442867,0.70510674,1.447583,0.10806982,0.08819804,1.0692142,1.6114005,0.7961816,0.5794367,0.83011925,1.5427207,-0.0050932015,0.60777354,0.5009514,0
2020-07-14,sh600519,-0.3428362,0.6528371,-1.571501,0.84345776,0.54566264,1.0509435,1.3206781,0.6898572,-0.9005275,-1.0466732,0.46520224,0.6575445,1.6067219,0.89934856,0.64982206,0.84858125,1.5419829,0.018257137,0.89318603,0.53415793,0
2020-07-15,sh600519,-0.06592176,-0.9277119,-1.5341991,0.29036176,-0.29516676,0.91349053,1.3366582,0.68493783,-1.1850218,-1.4629618,1.0532466,0.3651367,1.6382388,0.9368336,0.61539173,0.977863,1.5551068,0.17507873,0.8796192,0.5073531,0
2020-07-16,sh600519,3.0,0.74955124,-1.1558505,2.7486937,-0.7469864,-0.3009072,1.1414956,0.6844959,-3.0,-3.0,-0.9217629,-0.14460248,1.4674935,0.9389761,-0.90594757,-0.61261314,0.2521333,0.24448127,1.6423934,2.719474,0
2020-07-17,sh600519,0.9809947,-0.9481598,-1.1425474,3.0,0.41539004,-0.96351326,0.9859589,0.69202304,1.2908192,-2.0601504,-1.0741626,-0.8470002,1.3900529,1.0213939,-0.9821756,-0.6913048,0.059438094,1.1589131,1.0480167,2.6500626,0
2020-07-20,sh600519,2.2462394,3.0,-1.1074592,2.8501134,0.15294227,-0.74822354,0.7750697,0.6959414,1.6766059,-1.133683,-0.970447,-0.84135926,1.2854671,1.0332816,-1.468011,-0.76864475,0.08767851,2.8528836,2.0138166,2.5830953,0
2020-07-21,sh600519,2.066786,1.0456096,-1.2898095,1.7352896,-1.0124667,-0.5293589,0.61738086,0.69707054,2.1787953,0.33408886,-0.9182486,-0.7528038,1.3206334,1.05979,-1.426337,-1.0141804,0.1201311,3.0,1.8503653,2.5572295,0
2020-07-22,sh600519,0.87385803,-0.9481598,-1.1563082,-0.068555415,0.64061916,-0.28384843,0.44445804,0.70460534,-0.03847236,0.97306025,-1.1344903,-0.67771083,1.1647956,1.1267225,-1.4266762,-1.0346503,-0.03263592,3.0,1.8391982,2.8008459,0
2020-07-23,sh600519,0.20744964,1.8120704,-1.1229264,-0.53340274,0.30942532,-0.22863196,0.2592068,0.7113062,-0.316198,1.0702609,-0.9180784,-0.5660146,1.0825238,1.1197842,-0.2875188,-1.0045079,-0.019190222,1.0567847,0.18081756,2.8335917,0
2020-07-24,sh600519,2.586643,0.3575321,-0.9020129,0.67444164,-1.1959331,0.12217622,-0.16794275,0.69629437,-2.7745228,-0.6430024,-1.2661065,-0.76206267,0.77739686,1.1024925,-1.325007,-1.1578199,-0.5351235,-0.064147465,1.7470293,2.5132577,1
2020-07-27,sh600519,-0.3848828,1.1301373,-0.8868953,0.7644661,-0.117544934,-0.11892672,-0.5034523,0.69218165,0.62386674,0.30105,-1.0705479,-0.9056928,0.57408106,1.1038022,-1.4327807,-1.5544803,-0.64470476,2.037826,1.3691102,2.4888377,0
2020-07-28,sh600519,0.806813,-0.9481598,-1.0100107,0.71259004,-1.2660335,-0.7578241,-0.73104197,0.6968482,2.3216004,1.1693946,-0.8947931,-1.0167758,0.06709154,1.1466445,-1.1149282,-1.3770871,-0.5442366,0.8665708,0.85316885,2.2411528,0
2020-07-29,sh600519,1.1041944,3.0,-1.0307363,0.6374578,-1.271227,-0.8888552,-0.89433193,0.69815624,0.74838066,0.41557798,-0.7606912,-1.1202555,-0.14942084,1.153511,-1.1024474,-1.3874232,-0.57931787,0.9541715,1.0293498,2.245014,0
2020-07-30,sh600519,-0.42730406,-0.86030185,-1.0855106,0.67937726,0.6863284,-0.9338072,-0.9345885,0.6965999,-0.76511586,0.53840953,-0.74966973,-1.0221092,-0.23823892,1.1461732,-1.1127665,-1.1189415,-0.57449925,1.6985466,0.88584775,2.2442658,-1
2020-07-31,sh600519,1.229564,3.0,-0.95767,-0.16742043,0.13091996,-0.8503046,-0.7921505,0.69879913,-0.6929318,0.25554606,0.2540841,-1.0912125,-0.62716204,1.1729794,0.020231446,-1.0764284,-0.67449075,-0.38875517,1.0978187,2.4203947,0
2020-08-03,sh600519,-0.06884611,0.046722215,-0.88596684,-1.3575995,-1.4710503,-0.93227786,-0.4982306,0.69846797,-0.3995382,-0.06046954,-0.36965373,-1.1082343,-0.5852864,1.1655858,0.69250983,-1.1345768,-0.6432248,0.13139528,1.9498781,2.4312081,0
2020-08-04,sh600519,-0.84416103,0.30299205,-0.8822041,-1.3578867,-0.89410347,-0.820165,-0.4967849,0.69615495,-0.030802637,-0.14713408,0.26367378,-1.0917108,-0.57550484,1.1544976,-0.658252,-1.1454866,-0.6386907,-0.04893582,-0.43830225,2.4358819,0
2020-08-05,sh600519,-0.43585446,1.4221131,-0.84626734,-1.3196946,0.43580306,-0.5343339,-0.46846238,0.69215727,0.102981776,-0.40643463,0.87265986,-1.0112087,-0.48449185,1.1075283,-0.61506736,-1.125885,-0.6199879,-0.0033362033,-0.15099917,2.4636052,0
2020-08-06,sh600519,0.38703895,0.051731627,-0.72209615,-0.6848823,0.22369638,-0.5694909,-0.4397105,0.6773933,-0.6939012,-1.2783171,0.17911997,-0.83343095,-0.34402627,1.0837946,-1.1932156,-1.1571908,-0.6552853,-0.56248707,1.1514862,2.3749743,0
2020-08-07,sh600519,0.84928703,3.0,-0.6903315,-0.4486269,0.48005876,-0.940231,-0.43860945,0.657243,-0.18842208,-0.8116333,-0.59973997,0.35478508,-0.21634386,1.0661767,-1.2949017,-0.34035003,-0.65451664,-1.0747133,0.611725,2.353623,1
2020-08-10,sh600519,0.023736726,1.6109735,-0.7337985,-0.4334631,0.5344979,0.49855626,-0.6325796,0.6327689,0.50600815,-0.1558461,-0.24229077,0.8639552,-0.3997235,1.0078703,-1.3745812,0.123081625,-0.6642905,-0.28417233,1.4493607,2.373295,0
2020-08-11,sh600519,-0.6113149,-0.9481598,-0.8088893,-0.7260277,-0.6216518,0.647512,-0.8336346,0.60593843,0.7165161,0.28440422,-0.53396577,0.781948,-0.5663017,1.0013008,-0.51580405,-0.6017158,-0.6097495,-0.6902007,0.66000056,2.391715,0
2020-08-12,sh600519,-0.048659664,1.8394544,-0.64013994,-1.2950782,-1.292794,0.83087647,-0.93464553,0.5755594,-0.36648384,0.031009074,0.48404,0.7967514,-0.6079138,1.0021428,-0.2846199,-0.4276056,-0.6333714,-0.45812455,-0.22183178,2.5071633,0
2020-08-13,sh600519,-0.39552295,1.7545062,-0.6650098,-1.3159745,-1.4802039,0.65693307,-0.8188438,0.54541254,0.059284292,0.34273487,0.18258622,0.7483489,-0.07891077,0.94301414,0.038482092,-0.4446566,-0.65004086,0.765227,-1.0388519,2.4840562,0
2020-08-14,sh600519,-0.12000102,0.19034761,-0.72481364,-0.8511071,-0.6870129,-0.39761576,-0.836672,0.5240379,0.77425927,0.87297904,0.7693962,0.5441766,-0.05525727,0.9229612,0.5904529,0.29863313,-0.54775774,-0.29326126,-0.023200113,2.3768225,0
2020-08-17,sh600519,-0.1823578,-0.44690892,-0.7550191,-0.095763475,0.16088702,-0.9930955,-0.89749813,0.5135073,0.8445484,1.1907159,0.8701411,0.88441575,0.093247734,0.91430175,0.47675312,0.27411202,-0.5340387,-0.22665319,-0.5264243,2.2828012,-1
2020-08-18,sh600519,-0.5169005,-0.15966894,-0.93148214,0.43809286,0.94529104,-0.30135816,-0.91895276,0.49784687,-0.05390558,0.9142643,0.6468515,0.6622002,-0.045940887,0.91665757,0.47033605,0.1291902,-0.4381729,0.5170456,-0.7070035,2.4082685,0
2020-08-19,sh600519,-0.23240143,-0.45333147,-0.7577816,0.06857022,0.3014232,0.51478505,-0.79250574,0.47854,-1.1800998,-0.14632434,0.5443851,0.5825277,-0.17424323,0.89678895,0.34668282,0.15720543,-0.3960969,0.8863909,-0.7430277,2.512587,0
2020-08-20,sh600519,-0.84278405,0.054359466,-0.708332,-0.49392235,-1.4803191,0.32365644,-0.6744908,0.44548073,-1.1832579,-0.9014719,0.12524538,0.52719635,-0.19636774,0.83412504,0.41472703,0.5152835,-0.38574296,1.2575825,-1.224033,2.46335,0
2020-08-21,sh600519,-0.60909945,-0.69738466,-0.8152462,-0.70617527,-0.231015,0.14605395,-0.8319292,0.41196564,0.34980413,-0.53274393,0.66201216,0.6226274,0.54327273,0.7971764,0.26495567,0.5595332,-0.35840508,0.85048914,-0.8352092,2.5097058,0
2020-08-24,sh600519,-1.2075746,-0.28918877,-0.8515725,-0.6662733,-1.2921803,0.14405666,-0.8517602,0.38472947,1.0498159,-0.065039136,1.1105987,0.51249486,0.65751326,0.77456325,0.22829695,0.61742795,-0.34129336,-0.99670285,-1.9747761,2.454592,0
2020-08-25,sh600519,0.5700189,-0.18893869,-0.8574362,-0.20515053,-0.10743714,0.31647244,-0.5983975,0.3684958,0.9122766,0.4341861,1.1422465,1.0200589,0.8579661,0.7800801,0.93316287,0.7409416,-0.30315468,-0.43449005,-0.9916478,2.4044054,0
2020-08-26,sh600519,-0.50151134,0.4914684,-0.6732094,0.09972117,0.8681603,0.27117085,-0.29173845,0.3595739,-0.41112548,0.1987083,0.77604836,0.83429104,0.65077186,0.7614975,0.6546415,0.6952467,-0.36432093,0.52296805,-0.15214036,2.6570668,0
2020-08-27,sh600519,-0.55128175,2.200951,-0.7151735,-0.18919441,0.61703944,0.19237882,0.0987525,0.34668487,-0.5445471,0.16975638,0.0959032,0.009214169,0.29792538,0.69557065,0.8591227,0.73369133,-0.3967987,0.90092814,0.59657174,2.6831167,0
2020-08-28,sh600519,0.21183144,0.08254038,-0.8267632,-0.37754917,0.6309519,0.2623958,0.49134716,0.33691856,0.26335377,0.54960066,0.32594505,0.7377743,0.6129264,0.6810091,0.7947954,0.7101584,-0.3219402,-0.17177862,0.027635122,2.590386,0
2020-08-31,sh600519,0.31762406,-0.9481598,-0.876603,-0.12906699,0.5628473,0.577558,0.7457946,0.33355924,0.6703364,0.6919984,0.7476088,1.3179773,0.9841496,0.6532383,0.7005812,0.7032589,-0.30687222,-0.011009856,-0.14215368,2.451856,0
2020-09-01,sh600519,-0.71238345,0.80859476,-0.86054933,0.28384912,0.91016763,1.0010581,0.97991014,0.33405572,0.009607042,0.3116668,0.676869,1.1144098,0.90024376,0.5774351,0.603989,0.68714064,-0.3178592,0.9031724,0.25043803,2.44114,0
2020-09-02,sh600519,0.9145484,1.925506,-0.9053814,0.08116029,0.6394759,1.1135775,1.188131,0.3273162,-0.84714377,-0.40631035,0.44013348,1.011152,0.8390133,0.5462406,0.28703603,0.6700582,-0.24053374,0.65741765,-0.157977,2.4989865,0
2020-09-03,sh600519,-0.42833206,0.6061908,-0.8650733,-0.64540946,-0.16175382,1.0249252,1.2449479,0.31899866,-0.59862834,-0.6284727,-0.8566077,0.6989086,0.8271045,0.47721913,0.25742918,0.700958,-0.22925235,0.1985357,-0.09605749,2.530222,0
2020-09-04,sh600519,-0.47180274,1.4275807,-0.7791698,-0.95811915,-0.7335644,0.6213846,1.215338,0.30197906,-0.6744908,-1.1238383,-0.1874531,0.4150428,0.9062118,0.41167393,-0.41045305,0.52828115,-0.2229868,0.07567388,0.004255491,2.4695146,0
2020-09-07,sh600519,1.9154911,1.3796681,-0.72961324,0.30549705,0.5248236,-0.6493136,0.9476577,0.26028883,-1.066702,-1.8587415,0.22212765,0.42209733,0.8002913,0.39253274,-1.1771842,0.3084898,-0.15547794,-1.8296688,0.032104105,2.4132082,0
2020-09-08,sh600519,1.2285999,3.0,-0.6391477,0.7572324,0.8094129,-1.0057685,0.5883218,0.2101676,0.008177459,-1.4858643,-0.82900614,0.5730291,0.92841715,0.36831895,-0.40626147,0.12588464,-0.15501706,-1.5991329,0.10272918,2.4310439,1
2020-09-09,sh600519,-0.5197123,-0.20884848,-0.6890437,1.0553181,0.9288792,-0.43276626,0.02969352,0.14303987,0.29167014,-1.2481102,0.24612547,0.685314,0.948887,0.3702733,-0.22811441,0.2950592,-0.05926611,-0.9946754,-0.4128397,2.5195062,0
2020-09-10,sh600519,-1.0433758,-0.4876659,-0.6668442,0.25038627,0.27579114,0.38268626,-0.37323728,0.08422535,1.2040305,0.061054777,0.46890116,0.80132806,0.72971326,0.33169743,-0.25897214,0.27597064,-0.04368557,-0.61125165,-1.0412763,2.5583375,0
2020-09-11,sh600519,0.58874005,-0.9481598,-0.7406468,-0.62551016,-1.444233,0.5709779,-0.5729712,0.040157653,1.1309093,1.1261016,0.6617459,0.87370765,0.9342391,0.21747844,0.2916082,0.073369555,-0.031030584,-0.8875812,-1.1022545,2.4543056,0
2020-09-14,sh600519,-0.03648368,0.78537256,-0.8045169,0.12647794,0.17401247,-0.10314839,-0.5874067,0.012496926,0.88342947,1.7500352,0.5333333,0.8529274,1.1954153,0.09599909,0.38973716,-0.06694763,-0.036280714,-0.8879876,-1.5606389,2.3581753,0
2020-09-15,sh600519,-0.9571866,0.50370586,-0.6963929,0.3656557,0.80207527,-0.70313084,-0.5946538,-0.020291256,-0.7093336,1.1114076,-0.009519703,0.33105657,0.99658173,0.0717766,0.7086378,0.21445021,-0.11750991,-0.18548287,-1.0190794,2.4943905,0
2020-09-16,sh600519,0.35422894,-0.22109316,-0.59978,-0.13796046,-1.0520011,-0.9140777,-0.7744069,-0.07470955,-1.6478189,-0.09172918,0.086717755,0.24982277,0.97413456,-0.05006001,0.0,0.063587606,-0.15235382,-0.16721739,-1.0693636,2.4007268,0
2020-09-17,sh600519,0.22540918,0.5968012,-0.30805483,0.74715716,-0.29136974,-0.916478,-0.92990804,-0.17996033,-1.7821205,-1.5003016,-1.0665296,-0.82307285,0.11348438,-0.060507633,-1.0163311,-0.7976341,-0.59655607,0.34586638,0.33522245,2.2658806,0
2020-09-18,sh600519,1.3284484,2.8303785,-0.37562457,0.9117743,0.4948943,-0.9930599,-0.73313445,-0.2657258,1.1557927,-0.63016886,-1.1054623,-1.0348403,-0.19940002,-0.14405757,-1.1832871,-0.89648145,-0.6321827,1.318954,0.14118744,2.1406257,0
2020-09-21,sh600519,-0.6792279,-0.93081206,-0.27541655,0.83669484,0.41402662,-0.8152951,-0.29014823,-0.3822086,0.43140993,-1.0285753,-0.7733328,-0.63062036,0.039596733,-0.2096461,-1.0705135,-0.7319364,-0.4986197,3.0,0.39052108,2.0777478,0
2020-09-22,sh600519,0.0019758076,-0.9481598,-0.27291667,-0.042690296,-0.053150345,-0.49220094,0.052103408,-0.5032227,0.36351734,-0.52815646,-0.27201593,-0.4147363,0.23493992,-0.35551322,-1.0180495,-0.7260951,-0.5064368,3.0,0.48910773,2.0753665,0
2020-09-23,sh600519,0.49920768,0.8455334,-0.106280595,-0.63665324,-0.3096298,0.2844413,0.42041013,-0.6416869,-0.36866936,-0.26114395,0.35882124,-0.53486925,0.12568736,-0.3637094,-1.0427477,-0.8430136,-0.663392,2.1899984,0.6372068,2.1609473,0
2020-09-24,sh600519,-0.2710505,-0.625042,0.14930688,-0.10023848,0.86222225,0.8438903,0.75538653,-0.78166413,-0.16301498,-0.105842665,0.34621844,-0.44744647,0.1638305,-0.3107759,-0.22995006,-0.7777425,-0.69586897,0.92333525,-0.7397682,2.3337624,0
2020-09-25,sh600519,-0.6871353,-0.30465588,0.120665245,-0.56711626,0.62842697,0.94029474,0.9047115,-0.8970103,0.37730545,0.55384815,-0.52478725,-0.25377044,0.27621537,-0.28670743,-0.017214414,-0.94842863,-0.70831746,0.2518895,-0.5356008,2.327053,0
2020-09-28,sh600519,-0.19686738,-0.9481598,0.2444734,-0.6705858,-1.3353895,0.5563037,0.85805815,-0.9544752,1.1570101,1.1678231,-0.40198153,-0.31087703,0.13641904,-0.21834537,-0.49415356,-0.940916,-0.8721447,-0.0023828738,-0.5288198,2.5473688,0
2020-09-29,sh600519,-1.1833031,-0.9481598,0.5993967,-0.84814805,-0.9954846,0.22928198,0.7836538,-0.9725298,-0.035469946,0.5921135,-0.36926162,0.23531134,0.2887941,-0.17046706,-0.3666023,-0.9322697,-1.0689764,1.4881078,-0.9144556,2.8621457,0
2020-09-30,sh600519,-0.30925527,-0.9481598,0.5147549,-0.61857057,0.5600354,-0.5749631,0.6205337,-0.98413455,0.007393615,0.6860089,-0.2802392,0.754346,0.24052106,-0.15640835,0.45523134,-0.7773329,-1.0164325,-0.48454478,-0.8871338,2.8482833,0
2020-10-09,sh600519,-1.1206864,-0.4522414,0.50380653,-0.27204487,0.5869616,-1.0141712,0.25907764,-0.9767671,0.484859,1.0866115,0.8866786,0.840783,0.20694426,-0.15717052,0.57886064,0.335241,-0.92651516,-0.44319654,-0.5333588,2.8372295,0
2020-10-12,sh600519,0.45098346,-0.9481598,0.3401629,0.7495631,0.47257885,-0.18946885,-0.46925357,-0.9434302,1.2669742,1.6007987,1.0456684,1.0570058,0.3680688,-0.13496402,0.43323672,0.5649507,-0.8269193,-0.020980954,0.079019934,2.6032057,-1
2020-10-13,sh600519,-1.3119954,-0.4688474,0.6183492,0.9557326,0.73098165,0.37794015,-0.76172256,-0.8586342,-0.8424592,0.46225643,0.6765978,0.6789867,0.2514445,-0.25659856,0.6325143,0.4227344,-1.0362388,1.8411663,0.50195056,2.9300137,0
2020-10-14,sh600519,-1.006635,-0.5864729,0.5840622,0.4019081,-0.007753579,0.7642094,-0.878444,-0.76857495,-1.2918153,-0.3959906,0.03957269,0.35967052,0.1258517,-0.32683048,0.5660618,0.44991937,-1.0667212,1.9622953,0.43973926,3.0,0
2020-10-15,sh600519,-1.3887732,-0.9323094,0.56503713,-0.42256072,-1.2837296,0.81131214,-0.9088372,-0.67130756,-0.6477225,-0.81194794,0.015778227,0.22648591,0.0,-0.38277942,0.7578353,0.85427,-1.0669377,3.0,0.97146124,3.0,0
2020-10-16,sh600519,-0.39786616,0.14631908,0.11962873,-0.77911586,0.9610423,0.45401525,-0.9287877,-0.7126529,-0.058032844,-1.1161779,0.99666286,0.35952836,-0.04023216,-0.28182688,0.52066815,0.76506656,-0.2720223,3.0,1.9309409,0.47220615,0
2020-10-19,sh600519,0.19504578,-0.084724724,0.2854633,-0.7095363,0.9402129,-0.1917251,-0.9329038,-0.7427875,-0.15627936,-1.1698447,0.47971117,0.38454565,-0.09069785,-0.23730089,-0.6929208,0.6878192,-0.18393767,-0.8172245,-1.5369524,0.621743,0
2020-10-20,sh600519,0.115441054,-0.91102195,0.12741566,-0.8136861,-1.4028091,-0.3555754,-0.7382098,-0.75327647,1.0937334,-0.100282624,0.5063293,0.5304519,-0.17825758,-0.20914578,0.59268355,0.7855781,-0.111917034,-0.59729743,0.39239505,0.5656201,0
2020-10-21,sh600519,-1.105425,0.30146775,0.23859885,-0.7631418,-1.0684562,-0.7015433,-0.18807553,-0.7429197,0.30868047,-0.001251282,0.38721865,0.13243167,-0.1729821,-0.22608747,0.3873884,0.7395553,-0.08411866,0.07349526,1.0384352,0.7420567,0
2020-10-22,sh600519,-0.5206939,0.80887336,0.24298246,-0.5829311,0.26397368,-0.9500759,0.36163586,-0.7185413,-0.04789936,0.34628385,0.6116217,0.41815966,-0.18623434,-0.2416885,0.40159708,0.7646846,-0.0676663,-0.41983286,0.57601446,0.77650434,0
2020-10-23,sh600519,-0.30155852,-0.7878851,0.32841885,-0.59714174,-1.1373153,-0.81023324,0.35033372,-0.719196,-1.1309751,-0.21053915,0.55221766,1.1810567,-0.09364371,-0.24917796,0.53655285,0.71098965,-0.0324743,-0.32091781,0.09944745,0.70096105,0
2020-10-26,sh600519,0.46132642,-0.9481598,0.29128018,0.96785027,0.02317437,-0.4959744,-0.09518796,-0.8402432,-2.0379133,-1.8169744,-1.1923933,-1.2753555,-0.46078375,-0.15517041,-1.0473422,-1.0127703,-0.26270476,0.6034781,1.7772143,0.029187195,1
2020-10-27,sh600519,-0.5697148,0.18562579,0.45875728,1.8804568,0.6501017,-0.15286411,-0.609238,-0.9358025,-0.24394622,-1.513566,-1.1882832,-1.3948854,-0.67500705,-0.17019734,-1.2690389,-0.9996973,-0.080963045,2.042911,1.9034127,0.05567325,0
2020-10-28,sh600519,0.9291919,-0.8294511,0.4868988,1.4939662,0.060514454,-0.05151765,-0.7680885,-0.96511525,2.3477423,0.16048121,-1.1492604,-1.4091421,-0.7330975,-0.15135846,-1.1744636,-1.026929,-0.29699028,2.6867785,0.8086937,-0.012559473,0
2020-10-29,sh600519,1.4094449,0.045683917,0.45340824,0.5123358,-1.3118238,-0.121422864,-0.8808514,-0.98380136,1.466673,0.626063,-1.1269715,-1.4022188,-0.69510853,-0.13866992,-1.1779664,-1.0248753,-0.28539926,1.7072811,0.62144583,-0.07197166,0
2020-10-30,sh600519,-0.38158453,-0.32057852,0.50429183,-0.32753974,0.043474093,-0.09306567,-0.9327319,-0.9986303,-0.44365546,0.59447837,-0.8135316,-1.3647646,-0.6787478,-0.12368395,-1.227149,-0.99222565,-0.24763457,2.9492817,0.88990426,-0.044826496,0
2020-11-02,sh600519,-0.8467696,-0.6970215,0.48308712,-0.33930257,0.00992153,-0.034863457,-0.81278527,-1.0096909,-0.5632814,0.85314584,-0.8256201,-1.283441,-0.75117224,-0.09671233,0.18021633,-0.99960643,-0.2527273,1.845902,0.065973945,-0.04691599,0
2020-11-03,sh600519,-0.4237329,0.23332213,0.3710074,-0.9668051,0.13479401,-0.5805524,-0.6879021,-1.0160799,0.47174323,1.1443557,-0.5688136,-1.3640497,-0.78995466,-0.08530158,0.01266674,-1.1613836,-0.25128898,0.8469199,0.31844604,-0.06861908,0
2020-11-04,sh600519,-1.0924466,0.8509868,0.36199573,-0.84720016,0.32783225,-0.9814139,-0.44961786,-1.0202056,0.14124998,0.7923773,-0.7973859,-1.2898426,-0.9758365,-0.08041234,0.7813295,-1.1776111,-0.25792143,2.524688,-0.32607275,-0.07073685,0
2020-11-05,sh600519,-1.0249392,-0.3494906,0.27746564,-0.38225308,0.8785975,-0.46692935,-0.36981997,-1.0211176,0.24733153,0.6414727,-0.33326742,-1.3544232,-0.99316734,-0.09506439,0.84894544,-1.0759623,-0.20043108,-0.6723418,-0.24323061,-0.1500469,0
2020-11-06,sh600519,0.15984012,0.33920768,0.24373972,-0.61559266,-0.10756112,0.8222578,-0.31890377,-1.0261154,-0.8769637,-0.53048915,0.16615495,-1.3214825,-0.99178094,-0.07897857,0.3036801,-1.1257191,-0.14062318,-0.8765801,-0.66206354,-0.09366037,0
2020-11-09,sh600519,0.68490386,-0.8544559,0.078355595,-0.4585832,-0.04475429,0.87479186,-0.74404955,-1.0264801,0.71235037,0.30953196,0.9321521,-0.47057295,-1.076816,-0.02115379,0.6208645,0.6523228,0.059254996,-0.055255078,0.074885294,-0.20839971,-1
2020-11-10,sh600519,-0.59852713,0.1289033,0.08085078,-0.34768164,0.14009526,0.908988,-0.92273337,-1.025602,0.045779932,0.14325587,0.9736511,0.2458884,-0.96584034,-0.04025706,0.63193834,0.57372564,0.061186217,0.7015606,0.76540256,-0.20801143,0
2020-11-11,sh600519,0.41453752,-0.9060887,0.15571311,-0.5754339,-0.7131219,0.83179796,-0.9233795,-1.0224968,-0.6071319,-0.43064493,0.8622189,0.65358526,-0.832027,0.0,0.632385,0.7587285,0.02644245,-0.072610915,0.12589356,-0.22982143,0
2020-11-12,sh600519,-0.6197996,-0.009618901,0.089690536,-0.5913764,-0.8398131,0.761824,-0.83050627,-1.013652,-0.4741196,-0.45282757,0.6617728,1.0271976,-0.80082893,-0.012577297,0.45408383,0.722831,-0.012244826,0.86704504,0.8419814,-0.16850238,0
2020-11-13,sh600519,-0.04088144,0.75537133,0.21812168,-0.68860966,0.30340132,-0.09540163,-0.79879385,-0.99026114,-0.6214808,-1.0846926,0.3142954,1.187382,-0.8018312,-0.061261848,0.22081499,0.39934635,-0.029979497,0.09607417,0.49453768,-0.25706246,1
2020-11-16,sh600519,-0.3143813,0.73644304,0.2250799,-0.776811,-0.57686865,-0.46901295,-0.73187035,-0.9789273,0.75930727,-0.17334296,0.0,1.2022172,-0.8043291,-0.029013963,-0.7472251,0.40297893,-0.1513758,-0.83730453,-0.3008792,-0.2349107,0
2020-11-17,sh600519,0.12977682,0.827736,0.37643734,-0.905626,-0.9762453,-0.9215095,-0.5421617,-0.9729538,-0.02939472,-0.4155519,0.07158492,1.2255119,-0.826007,-0.011867083,-0.58367395,0.45154658,-0.1572464,-0.46521884,-0.8939125,-0.14349513,0
2020-11-18,sh600519,-0.058613997,0.3349734,0.5087063,-0.6083347,-0.39369017,-0.76329416,-0.40173754,-0.9632667,-0.5121545,-0.6657366,-0.9015009,0.4655754,-0.7657307,-0.019005707,-0.7419545,0.32558656,-0.17210867,-0.8714385,-0.9779152,-0.1822818,0
2020-11-19,sh600519,0.38633463,-0.46246305,0.3505313,-0.81666106,-1.4704835,-0.73385715,0.08626192,-0.9567441,0.534758,0.21912107,-0.66412085,0.50103503,-0.70676047,-0.021487482,-0.9423587,0.0019561432,-0.23895179,-0.8389417,-1.8901083,-0.21407044,0
2020-11-20,sh600519,-0.8587575,-0.05660516,0.2699634,-0.84967476,-1.396783,-0.006354444,0.39095828,-0.93400466,0.45432913,0.37014937,-0.69652885,0.24904454,-0.7160867,-0.050215896,-0.7455453,-0.01058718,-0.27644166,0.00261732,-0.8018352,-0.12799819,0
2020-11-23,sh600519,-0.0971818,-0.9481598,0.0797497,0.49569148,-0.045342658,-0.96847737,0.40523082,-0.961523,1.6584445,1.7002107,0.86686134,1.1788096,0.50313324,0.077543765,0.56712073,0.5987224,0.3697533,0.34760836,1.5625384,0.19797958,-1
2020-11-24,sh600519,-0.4734527,0.47764158,0.23624185,0.66255707,0.35099426,-0.5525689,0.37038183,-0.9782113,-0.9894232,0.40818623,0.7563544,1.1443992,1.0308505,0.09153605,0.6253698,0.6957486,0.45199946,2.6259632,1.1738077,0.17679755,0
2020-11-25,sh600519,0.3006481,-0.6051745,0.4683532,0.26207957,-1.27756,-0.5820173,0.13913101,-0.9887937,-1.8138204,-0.72125757,1.0437182,1.1526232,1.221899,0.08257254,0.73047394,0.7109009,0.4353989,3.0,1.0195887,0.19864732,0
2020-11-26,sh600519,-1.3453075,-0.84849364,0.44200438,0.121286854,-1.3956599,-0.45628998,-0.02498813,-1.0005182,-0.36115494,-0.55768895,1.0606457,1.15056,1.4556,0.07585179,0.8196734,0.7239402,0.42662418,3.0,1.4967064,0.16836146,0
2020-11-27,sh600519,-0.9448726,0.82678497,0.44377276,-0.081092365,0.1565856,-0.6804758,-0.21770838,-1.0118245,0.88203734,-0.37335375,1.026626,1.0619799,1.4566463,0.06998071,0.8257795,0.82131875,0.42875051,3.0,1.4272598,0.17099357,0
2020-11-30,sh600519,-0.77811396,-0.9481598,0.620906,-0.5501042,-0.02589962,-0.88800615,-0.60245407,-1.020191,-0.2424791,-0.9158342,-0.016388806,1.0045258,1.3879427,0.036505386,-0.29317904,0.6910477,0.2625106,-0.66418195,-0.54673076,0.20307556,0
2020-12-01,sh600519,-1.1099676,-0.22012661,0.6413266,-1.0756079,-1.4819083,-0.959088,-0.71667117,-1.0262233,0.44004524,-0.12721471,-1.0478011,0.9701798,1.3646502,-0.043955445,-0.8064773,0.6091587,0.22252558,-0.7198071,-0.517856,0.2674735,0
2020-12-02,sh600519,-1.1769111,-0.10592425,0.6918838,-1.0537167,-1.4585545,-0.9728423,-0.8089336,-1.0071801,0.28070378,0.11343935,-1.060015,1.311528,1.204151,-0.07905548,-1.3138814,0.734891,0.26033607,-0.44128063,0.29155052,0.34119764,0
2020-12-03,sh600519,-0.8606842,-0.23482208,0.62795997,-0.90329903,-0.67449075,-0.9028555,-0.76800394,-0.9509656,0.28367296,0.4557927,-0.5684938,1.3396388,1.1764805,-0.102244645,-1.092248,0.84041613,0.27419853,-0.7511363,-0.040164456,0.3235863,0
2020-12-04,sh600519,0.3220456,-0.9481598,0.46755752,0.053762656,0.6462066,-1.0128518,-0.67505985,-0.8216546,0.77893525,1.3799088,0.8993824,1.4569597,1.4219912,0.031135576,0.107107066,0.9165334,0.48781916,0.14825769,0.7717968,0.17752856,0
2020-12-07,sh600519,-0.028407361,-0.6979809,0.3255842,0.35990876,0.7202024,-0.2234279,-0.31969157,-0.6629771,0.3182667,1.0236785,1.0931611,1.4700272,1.6008024,0.16494474,0.6797122,0.5240223,0.47094166,0.72316414,0.5373392,0.13814557,0
2020-12-08,sh600519,1.1462764,-0.7170045,0.05187403,0.980629,0.9457557,0.5787379,0.061685134,-0.5471219,0.23525572,1.0228182,1.0112978,1.5161144,1.6987953,0.32659492,0.5880645,0.2674573,0.4638286,0.6521039,0.0,0.12354742,0
2020-12-09,sh600519,-0.7682766,-0.8354614,0.04266797,0.66094506,0.70569026,0.77982795,0.31531134,-0.45178255,-0.99193144,0.08454739,0.36039,1.242974,1.4929906,0.3220085,0.72007936,0.35086063,0.5067484,2.6323001,-0.25790676,0.14162183,0
2020-12-10,sh600519,-1.0286397,-0.38951036,-0.013089912,-0.35520378,-0.10839149,0.88965076,0.5447632,-0.38983524,-0.8490905,-0.56038415,-0.627647,1.069884,1.3826648,0.32404828,0.6479948,0.33006838,0.46248415,2.1922767,-0.16339926,0.19622564,1
2020-12-11,sh600519,-0.45519397,0.78855824,0.086137444,-0.80201554,-1.4809575,0.7994454,0.57233334,-0.3151148,-0.64282024,-1.1130098,-0.00769862,0.87863475,1.2948145,0.31898162,0.2448755,0.3404132,0.48000905,2.3651521,0.25718328,0.20697364,0
2020-12-14,sh600519,-1.3827803,0.5174955,0.14856268,-1.0280544,0.3850655,0.5576349,0.6902612,-0.20073938,0.41709164,-0.80539876,0.8724711,0.8237711,1.2402731,0.32584533,0.25929087,0.76635593,0.4532987,1.4532099,1.0343962,0.27997974,0
2020-12-15,sh600519,-0.46939078,0.3115278,0.30036983,-1.1200696,0.30382437,0.09326945,0.67224073,-0.031633824,-0.07394277,-0.98884904,0.63107777,0.66424495,1.1369308,0.3169422,0.21822083,0.84274083,0.47596878,-1.5915424,-2.0846293,0.3582726,0
2020-12-16,sh600519,-0.8262962,0.23110221,0.20338124,-1.1275457,-1.412781,-0.20964378,0.6411555,0.13738243,0.61375797,-0.16633146,0.8931339,0.13176885,1.1797999,0.34143123,0.70575976,0.8171947,0.4645172,-1.6191839,-1.2102549,0.27157626,0
2020-12-17,sh600519,-0.70325226,-0.3229763,0.009963319,-0.55144984,0.1677631,-0.32373488,0.68633366,0.23998125,0.6419745,0.5180696,1.0646988,-0.49291486,1.1185923,0.36258528,0.88149244,0.8244705,0.48467422,-1.4152136,-1.2555294,0.26179558,0
2020-12-18,sh600519,-0.71196234,-0.50407785,-0.107486844,-0.6166792,-0.2712385,-0.65831864,0.6523909,0.27142668,-0.61779916,-0.026397737,0.4664789,-0.0051124436,0.8907776,0.41890308,0.87010616,0.6641676,1.0659014,-0.9170845,-1.3982112,0.25993282,0
2020-12-21,sh600519,-1.4595536,-0.67453265,-0.019170104,-0.66648126,-0.80650115,-0.90268385,0.90175647,0.32446665,-0.6480303,-0.042183343,0.61776906,0.6960111,0.96020913,0.44831344,0.68470967,0.60700893,1.1188116,-1.0709777,-0.90476716,0.40483338,0
2020-12-22,sh600519,0.79273504,-0.10222509,-0.22495985,-0.67691785,-0.7972474,-0.08961481,1.0504161,0.3490781,0.83393973,0.58402866,0.9868922,1.2444456,1.0193356,0.47257352,0.75536555,0.8145911,1.0515974,-0.8988265,-0.64887726,0.33240253,-1
2020-12-23,sh600519,2.192859,1.3332925,-0.11342378,-0.6744908,-1.4538854,-0.11300559,0.93431395,0.36738706,-0.662442,-0.5817956,0.247981,0.8397364,1.0372853,0.50453424,0.30164066,0.55548877,0.9990761,-0.53019565,-0.5591142,0.1586661,0
2020-12-24,sh600519,1.2460961,1.3611286,-0.1316426,-0.5644529,-1.3286015,-0.55385816,0.7379117,0.36805573,-0.7014838,-0.7607949,0.13016069,0.7278292,0.9287229,0.5547817,0.28576523,0.5737154,1.0904466,-0.14299196,-0.17742899,0.18326686,0
2020-12-25,sh600519,0.35806715,-0.6002654,-0.19931714,-0.46454602,-0.6676903,-0.9598379,0.5098342,0.35778308,0.0,-0.5278407,0.42535144,0.7415472,0.6488,0.53494275,-0.024425125,0.39691374,1.0669485,1.5249554,0.51994103,0.28201795,0
2020-12-28,sh600519,1.1498172,0.0749969,-0.3048782,-0.30663112,-1.400427,-0.8603848,0.44383433,0.3606234,1.5914602,0.5151669,0.15481664,0.55764,0.5606648,0.49976605,0.23350249,0.5523466,1.1201639,0.7308272,-0.47954783,0.15231709,0
2020-12-29,sh600519,-0.548678,0.35343197,-0.2034313,-0.520909,-0.17355298,-0.96805865,0.33797082,0.3709534,-0.006121855,0.31011757,-0.444109,0.14162739,0.25219515,0.43319163,0.009847352,0.5499261,1.1346089,1.9828626,0.44054243,0.23039761,0
2020-12-30,sh600519,1.1005037,-0.9481598,-0.4156465,0.6484698,0.5793665,-0.57960725,0.3359443,0.37034103,1.0073656,1.4483521,0.23950218,0.22695047,-0.13335946,0.38978356,0.86922073,0.7491086,1.2212337,-0.32536125,0.6555125,0.08198674,0
2020-12-31,sh600519,0.7285385,-0.9481598,-0.5355146,1.8535032,0.76433885,0.06500395,0.22380802,0.3488474,1.0145297,1.862852,1.0398488,0.48948875,-0.11467672,0.4156498,0.82117105,0.7013911,1.192958,-0.44593245,0.021944553,-0.01563307,0
2021-01-04,sh600519,-1.1444346,-0.28513452,-0.44918093,1.7375973,0.7191825,0.4010428,0.2906889,0.36279377,-0.6800726,0.8225508,1.0401678,0.67449075,0.41479272,0.48068455,0.64512956,0.6032325,1.165902,-0.4247932,-0.012924272,0.103654355,0
2021-01-05,sh600519,1.5873932,-0.15332474,-0.44453403,2.1294425,0.8568349,0.6370138,0.37993336,0.39934796,-0.06671716,1.147271,1.1178691,0.9552122,1.0351802,0.58052117,0.63096255,0.6522948,1.1439706,-0.20674683,-0.11434254,0.122801065,0
2021-01-06,sh600519,2.016027,1.9747941,-0.5780455,1.5924442,0.8807808,1.0095832,0.588346,0.41673088,0.17581102,0.6317811,0.9917472,1.1006774,1.4449612,0.6279888,0.26952735,0.57161677,1.0653117,-0.74042106,-0.94326746,0.0,0
2021-01-07,sh600519,0.83816886,1.2526672,-0.70065826,1.4619492,0.88104373,1.1220543,0.74589235,0.42420608,0.18728152,0.2765953,-0.11074931,1.2673631,1.3137622,0.6105308,-0.07793919,0.8621222,0.9979855,-0.65310204,-0.7530002,-0.10984853,0
2021-01-08,sh600519,1.8180118,1.6966143,-0.594695,1.0472542,0.075866565,1.0532037,0.88635314,0.46645772,-2.1232946,-1.5006977,-0.379682,1.4867265,1.442035,0.66855085,-1.0499582,0.11515606,0.8608665,-0.9656764,-0.7556518,-0.25940505,0
2021-01-11,sh600519,2.1019697,2.2035186,-0.65563834,-0.21942168,-1.108052,0.91342175,0.9745532,0.5015313,-0.6374351,-1.4112316,-1.143653,1.4228625,1.5052869,0.7053011,-0.9802699,-0.02118209,0.864289,-0.9304349,-1.0793139,-0.28338027,0
2021-01-12,sh600519,1.3596675,-0.64675415,-0.8326791,-0.16816984,-1.0417627,0.88102245,1.0676395,0.51673746,1.3354957,-0.3599384,-1.1791574,1.2308456,1.4549375,0.6922456,-1.4702276,-0.23515472,0.78825194,-0.5987377,-1.3064696,-0.40129003,0
2021-01-13,sh600519,-0.45578834,1.8630986,-0.7411212,0.012162699,-0.73539644,0.8588727,1.1217408,0.5564361,0.46696052,-0.42786917,-1.2310463,0.2043516,1.2653458,0.65719736,-1.38582,-0.32915747,0.7362952,0.11232291,-0.38403416,-0.30168283,0
2021-01-14,sh600519,-0.062657595,0.7925175,-0.67449075,0.021412825,-0.2364247,0.63380224,1.1601562,0.60353416,-1.341676,-1.0141808,-1.1654218,-0.5679643,1.176801,0.63623816,-1.3354211,-0.78565484,0.7157906,0.088702284,-0.19897161,-0.40198797,0
2021-01-15,sh600519,2.6707933,3.0,-0.52425474,0.18977425,-1.2999674,-0.19897136,1.1292824,0.6556957,-1.7671357,-1.7952551,-1.192606,-0.9526374,1.2245437,0.68106794,-1.2992713,-1.2106321,0.5414053,-0.46190625,-0.096438065,-0.5153521,0
2021-01-18,sh600519,0.23909251,1.1678861,-0.5574892,0.7060274,0.7837728,-1.0013384,0.9971861,0.690053,-0.11953864,-1.3865032,-0.73645884,-1.161262,1.138151,0.66965944,-1.0231153,-0.93010664,0.5573967,0.22114608,-0.2666682,-0.5253758,1
2021-01-19,sh600519,2.0217562,-0.68911,-0.64158267,1.5470389,0.9704816,-0.4686315,0.69076896,0.68631274,-0.27569947,-1.6733105,-0.7786553,-0.896172,1.0621098,0.8052506,-1.2250001,-1.2372695,1.4844781,-0.09721339,-0.26534873,-0.8313871,0
2021-01-20,sh600519,1.3595732,1.7158513,-0.77136946,0.7663753,0.43823308,0.0,0.48906487,0.683571,1.4261004,-0.1829976,-0.493072,-0.86281306,1.110332,0.8775249,-0.9117953,-1.221778,1.4204304,-0.279715,-1.074095,-0.85603297,0
2021-01-21,sh600519,0.15037021,-0.2311534,-0.7230975,-0.2067993,-1.3186083,-0.15316051,0.28302497,0.6919103,1.3835745,0.6429796,0.07509505,-0.68344426,1.3174653,0.89104927,-0.9933948,-1.2045692,1.4786768,-0.08933253,-1.123311,-0.83045864,0
2021-01-22,sh600519,-0.30265218,-0.04578717,-0.7137725,-0.24017194,-0.7789771,-0.035277683,0.05602587,0.70195425,0.44180804,1.0163574,-1.1265242,-0.52026117,1.3074784,0.8824541,-0.70882595,-1.1139472,1.4649444,0.0,-0.70219034,-0.8046417,0
2021-01-25,sh600519,2.3314779,-0.9481598,-0.944765,1.3841156,0.72208846,-0.8037395,-0.026701566,0.7118782,1.2984104,2.595966,0.28823426,-0.070289955,1.1490103,0.91065025,0.3246471,-0.067845725,1.6917396,-0.47229886,-0.03896424,-0.6881643,-1
2021-01-26,sh600519,0.57791924,0.66283816,-0.86121017,1.075669,0.4519949,-1.0100908,-0.17616063,0.7223284,-1.0781599,1.0642145,0.25552133,-0.24196361,0.8421507,0.85047853,0.89703405,0.20851414,1.7677408,0.9317771,0.46665335,-0.7676282,0
2021-01-27,sh600519,0.40606838,-0.55640584,-0.6796719,0.63172525,-1.1773921,-0.8124724,-0.49312127,0.7294124,-2.2056458,-0.60403043,0.6632878,-0.062444493,0.13679871,0.8267145,0.5056183,0.1436191,1.6831584,0.4275963,0.30144894,-0.83750606,0
2021-01-28,sh600519,0.14353563,1.0669166,-0.6639613,0.45190102,-1.3067713,-0.43177262,-0.7700098,0.73449004,-0.6708124,-0.8673426,0.8031793,0.033397865,-0.17104247,0.78749186,0.5812629,0.1469028,1.6955358,0.59206456,0.9770534,-0.8312615,0
2021-01-29,sh600519,0.5660593,0.14706159,-0.665737,0.18592949,-0.14375539,-0.20513605,-0.87589175,0.7480252,1.4671683,-0.4015258,0.6914912,-0.034132242,-0.31939933,0.7469489,0.5985093,0.49643916,1.6593311,0.5117521,0.57217264,-0.85398996,0
2021-02-01,sh600519,0.78443015,0.45888782,-0.7110209,-0.5620874,-1.299923,-0.2627963,-0.93535924,0.7517379,0.4138903,-0.65445775,-0.8236947,-0.11270403,-0.32504,0.68024564,-0.2922785,0.46699083,1.6692889,-1.1193475,-0.018172441,-0.8171466,0
2021-02-02,sh600519,0.027369201,0.056910917,-0.67362434,-0.52240914,0.5445972,-0.47529674,-0.9352736,0.7697889,0.44779593,0.22857282,-0.37836164,0.28065372,-0.28130427,0.6881726,-0.45902264,0.73998183,1.5821719,-1.2847952,-0.08530054,-0.7853733,0
2021-02-03,sh600519,0.45883533,0.027544491,-0.76824325,0.2370965,0.69639564,-0.45482045,-0.8913382,0.78968984,0.68110967,0.9484412,0.68434584,0.84149027,-0.26759982,0.6778707,0.75826627,0.763848,1.5895902,-1.2537879,-0.2042816,-0.8985329,0
2021-02-04,sh600519,3.0,-0.9481598,-1.0775747,2.3255064,0.50289154,-0.20156103,-0.5350592,0.79382443,2.1911128,2.6034422,1.1309155,1.4433286,0.5544795,0.7598857,0.9034301,0.92764384,1.7980101,-0.14968298,1.1527132,-0.4396817,0
2021-02-05,sh600519,0.9023815,1.0368443,-1.0531201,2.8033767,0.7799064,0.018550312,-0.28949133,0.80366874,-0.91120917,1.355103,0.92893726,1.1630794,0.541039,0.724392,0.8602238,0.9358984,1.8183537,0.8801496,1.4961382,-0.4569307,0
2021-02-08,sh600519,0.5647671,1.2061628,-1.2371408,2.6207082,0.7615723,0.6627766,-0.025747763,0.8006192,-0.59439534,0.98353016,0.35177445,1.0043416,0.39763856,0.66930217,0.8274056,0.7670895,1.8364004,0.91259646,0.7706766,-0.4986064,0
2021-02-09,sh600519,2.1953566,0.7167612,-1.3313259,2.5398822,0.76370084,0.9869114,0.35834745,0.7882292,0.46180177,1.042565,-0.42479104,0.54419917,0.123101704,0.594478,0.81345147,0.5530961,1.7615234,1.1882013,0.34765616,-0.5643053,0
2021-02-10,sh600519,2.3736749,-0.9481598,-1.6028528,3.0,0.659716,1.0157598,0.63724047,0.7407676,2.0231543,1.8111614,0.2098859,1.0529033,0.67449075,0.65561724,0.869915,1.0501919,1.9485723,0.05341612,-0.15238014,-0.39315447,0
2021-02-18,sh600519,3.0,-0.46180743,-1.4462261,3.0,0.06886844,0.98244894,0.8831083,0.74018335,-3.0,-1.7295803,0.7007828,1.144755,0.9072212,0.7342914,0.2695755,0.6744908,1.9045715,-0.0076397383,-0.2256701,-0.3329394,0
2021-02-19,sh600519,2.3912425,3.0,-1.3619336,1.9387248,-1.1323425,0.8385483,1.0048401,0.74746984,-2.2587879,-2.288233,0.6518002,1.1459961,1.2012872,0.7641658,0.2719512,0.69854635,1.9463305,0.22896618,-0.3159398,-0.30866936,0
2021-02-22,sh600519,3.0,-0.11075441,-1.0427343,3.0,-0.33118838,-0.09671919,0.87317175,0.7483213,-3.0,-3.0,-0.4448355,0.63560486,1.1478572,0.7701274,0.03653955,0.26321805,1.6011304,-0.18418077,-0.5150387,0.07987184,0
2021-02-23,sh600519,1.2199941,1.162439,-0.8950833,3.0,0.73054016,-0.80173975,0.6905638,0.7624673,1.692128,-3.0,-0.5532065,0.29943085,1.2520983,0.8774546,0.060562003,0.22692125,1.3362855,-0.7118246,-0.20819382,0.17161529,0
2021-02-24,sh600519,3.0,1.6422628,-0.71480465,3.0,0.7245188,-0.8532831,0.26991716,0.74220926,-0.53100854,-3.0,-0.89198065,-0.4398825,1.1229689,0.87555677,-1.4049133,0.014999866,1.0009488,-0.8219132,-0.23100916,0.21229923,0
2021-02-25,sh600519,2.3734932,1.7858895,-0.7295233,3.0,0.7271088,-0.25842297,-0.17484538,0.69995296,0.7598191,-2.3385615,-0.50380206,-0.42603156,1.0160469,0.8640726,-1.37747,-0.24050747,1.0253859,-0.2769556,0.35248122,0.16467668,0
2021-02-26,sh600519,3.0,2.3183906,-0.6453298,2.4743204,0.70215976,0.4862772,-0.5668794,0.6450478,0.4566219,-0.6918841,-0.06458649,-0.6065239,0.77476484,0.8323625,-1.3025137,-0.22517192,1.0145762,-0.5591163,0.07101598,0.07433486,0
2021-03-01,sh600519,0.41819376,2.7423813,-0.71656936,1.889448,0.11441996,0.87271214,-0.7374012,0.60049963,2.299738,1.7041242,-0.1367473,-0.3619254,0.8162085,0.79773945,-1.3396385,-0.28387448,0.9514862,0.612971,0.39123842,-0.013201323,0
2021-03-02,sh600519,3.0,1.4575601,-0.54939586,0.88302326,0.16887146,1.0038729,-0.90851516,0.50712013,-1.4217111,0.8050613,-0.19624382,-0.13127637,0.54414475,0.7661857,-1.3608084,-0.36490968,0.7680399,-0.3236817,-0.37926954,-0.08937785,0
2021-03-03,sh600519,3.0,-0.22832726,-0.67791224,0.3190377,-1.203164,0.8014943,-0.9293277,0.44930413,1.5900191,2.4892464,-1.0476727,0.06928037,0.4366315,0.7436008,-1.2215312,-1.4134648,0.6756766,-0.37970823,-0.72902614,-0.20197545,0
2021-03-04,sh600519,1.8127857,1.3448696,-0.41495344,1.1651169,-0.65056,0.75124913,-0.7668954,0.33858916,-1.6050357,0.3168006,-1.0320995,-0.068334095,0.18772294,0.68043506,-1.3731561,-1.4494944,0.5803641,-0.60556895,-0.9326538,-0.33343697,0
2021-03-05,sh600519,3.0,0.3105104,-0.45094642,1.1967707,-0.49282014,0.726539,-0.4751012,0.24065667,0.7635948,0.80331177,-1.2141118,0.10560285,-0.020604253,0.64014506,-1.3557736,-1.412541,0.57015395,-0.62272656,-0.9369621,-0.40037832,0
2021-03-08,sh600519,3.0,-0.9481598,-0.050162945,1.8429202,-0.34216535,0.73618364,0.019040598,0.09376307,-1.9544504,-0.8961904,-0.74003285,-0.3421239,-0.3158733,0.6797538,-1.1913726,-1.3143022,0.42590824,-1.1892807,-1.4900544,-0.4052557,1
2021-03-09,sh600519,2.7923474,3.0,0.07655892,2.8192215,0.67859745,0.77328634,0.5176613,-0.058604587,0.3798579,-0.86065793,-1.1093552,-0.63032734,-0.6503728,0.6649454,-1.0601372,-1.2219559,0.39971218,-0.93221873,-1.0897563,-0.4335566,0
2021-03-10,sh600519,-0.5616051,-0.628762,0.097264215,1.1468233,-0.05612578,0.72377944,0.90559566,-0.17928606,1.5393778,0.54660815,-0.3687057,-0.8434503,-0.6173753,0.7069364,-0.96934605,-1.2035793,0.32825673,-0.12937595,-0.67586696,-0.40566602,0
2021-03-11,sh600519,3.0,0.6976021,-0.15003875,1.210633,-1.4778376,0.21073984,0.9723732,-0.2633075,2.9742606,2.2397413,-0.56202936,-0.865451,-0.6269992,0.6786152,-0.49784723,-1.1107376,0.32113686,-0.22221658,-0.8520534,-0.53346145,-1
2021-03-12,sh600519,1.3476342,1.4830317,-0.11200065,0.78677213,0.2005825,-0.1238289,1.0395167,-0.3574371,-0.58423877,1.4735272,-0.91642106,-0.7682603,-0.38793084,0.6612117,-0.39700645,-1.0216911,0.35969475,1.3318906,-0.5743065,-0.56631374,0
2021-03-15,sh600519,3.0,1.53848,-0.01087435,0.7493758,-0.9362229,-0.39385745,1.0546424,-0.4724228,-2.3470147,0.045689348,-0.90917647,-0.47892985,-0.24170606,0.6066991,-0.7551044,-0.9955303,0.23945609,0.14365445,-1.0037067,-0.66716677,0
2021-03-16,sh600519,0.53400403,-0.11873815,-0.08136541,0.081117876,-1.4779282,-0.5778177,0.94047457,-0.5663258,0.15124579,0.9008444,-0.40237802,-0.43043417,0.40779644,0.5901411,-0.7414451,-0.89727855,0.16392492,0.8566693,-0.7786428,-0.7116501,0
2021-03-17,sh600519,1.4224412,1.5681235,-0.17443787,-0.24858624,-1.2663921,-1.013119,0.8249892,-0.6516109,1.2056072,0.62223166,-0.4747359,-0.6569396,0.5294291,0.5584978,-0.6856028,-0.83744687,0.14574496,1.782215,-0.31827003,-0.72206205,0
2021-03-18,sh600519,0.076266356,-0.47492924,-0.2073543,0.07788777,-0.397964,-0.6989615,0.57131875,-0.7169151,0.99176556,0.91470176,-1.0386329,-0.9760329,0.47033173,0.53149253,-0.9708206,-0.6713985,0.14809515,1.2299967,-0.6780611,-0.74297374,0
2021-03-19,sh600519,-0.08362946,0.8836647,0.030533697,0.1479658,-0.6175209,-0.044415247,0.4722057,-0.7905862,-1.8959901,-0.99440926,-1.0012298,-1.2835613,0.5780445,0.52357924,-1.0943127,-0.7029477,0.12991223,1.1004174,-1.0141191,-0.7848829,0
2021-03-22,sh600519,1.2542411,2.6640306,0.024606915,-0.063796796,-1.2242359,-0.61766475,0.3242356,-0.8646233,-1.0909398,-1.1856289,-0.8041369,-1.1349046,0.42033654,0.48479983,-0.8774079,-0.8044264,0.097646765,-1.5116974,-1.2903087,-0.7918306,1
2021-03-23,sh600519,-0.29036027,1.7804824,0.0,0.04014737,-0.15823,-1.0123571,0.1732221,-0.92649263,0.35226318,-0.52709776,-0.00710778,-0.44623208,0.51165676,0.46413353,-0.564909,-0.72374904,0.097503394,-0.81399065,-0.5086718,-0.7964851,0
2021-03-24,sh600519,-0.6076534,-0.9481598,0.13754362,0.13736573,0.18710297,-0.66887444,0.004403462,-0.97231776,0.7194817,-0.26001573,0.22479069,-0.014685943,0.31605792,0.47861856,-0.48068166,-0.64763355,0.047578048,-0.79715604,-0.07382554,-0.7270981,0
2021-03-25,sh600519,-0.10048225,1.5233715,0.06861749,-0.92717946,0.4857477,-0.65154934,-0.11015147,-1.0092047,-0.24579956,-0.5334544,0.19811884,-0.32603753,0.31086817,0.5204904,-0.995949,-1.0243944,0.070651524,-0.8923853,0.33637452,-0.66590416,0
2021-03-26,sh600519,0.9594524,1.9052488,-0.08418917,-0.8882459,-1.3609635,-0.8815505,-0.34831244,-1.0253628,0.9200514,0.46632975,0.68945366,-0.30505174,0.120624125,0.50368834,0.45368037,-0.6027722,0.13812695,-0.4373724,0.39329526,-0.7371247,0
2021-03-29,sh600519,1.1655718,-0.13193801,-0.14259565,-0.4250097,-0.3969847,-0.81523204,-0.7146814,-1.0223192,0.71948063,0.9295149,0.95039034,0.55327195,0.17578979,0.41220936,0.4730617,-0.21054137,0.13609457,0.036417544,0.13620374,-0.797323,0
2021-03-30,sh600519,0.25023505,-0.44222143,-0.07378339,0.085491836,0.60923797,-1.010876,-0.8842931,-1.0037428,0.2093556,1.0990831,0.39348975,0.38501292,-0.05059951,0.37527573,0.020381693,-0.057457358,0.052663557,1.3073615,-0.42955816,-0.76537955,0
2021-03-31,sh600519,0.010788744,-0.02497497,0.03785713,0.0,-0.60104996,-1.0135758,-0.90185595,-0.9600045,-1.7109315,-0.18301822,0.23385228,0.4493974,-0.32426888,0.3015329,-0.1639278,-0.12976806,0.018289484,0.6137829,-1.1644322,-0.83767813,0
2021-04-01,sh600519,0.012465187,1.4128873,0.13609584,-0.63391143,-1.2617332,-0.13246761,-0.77466285,-0.91295606,0.29653734,0.19029386,-0.6726165,0.2946033,-0.55144113,0.2913946,-0.34747902,-0.3879273,-0.15562795,2.0641155,-1.4265673,-0.7821789,0
2021-04-02,sh600519,2.9829407,-0.9481598,0.0063768574,1.2380307,-0.4134829,0.26389858,-0.20166951,-0.8958098,2.6253917,1.8579979,0.38118076,0.80464965,-0.31605974,0.28579625,0.3394474,0.50237155,0.1818664,0.14205045,0.36791223,-0.80087405,-1
2021-04-06,sh600519,0.5089488,1.3554195,0.09865107,1.4735547,-0.120012425,0.5033228,-0.09880692,-0.8668868,-0.6223834,0.24974278,0.6407828,0.6033461,-0.28331748,0.28101274,0.4507422,0.6184384,0.24528049,0.5249947,0.41498253,-0.85305476,0
2021-04-07,sh600519,0.9345126,0.14855431,0.46335414,1.5512997,-0.92823106,0.26834485,-0.2533879,-0.83590406,-3.0,-1.4435002,0.55402553,0.5029532,0.18170506,0.29216367,0.34972936,0.4367953,0.15636657,0.031740434,-0.20207943,-0.834918,0
2021-04-08,sh600519,-0.5156546,-0.63765174,0.55611324,0.8694012,-1.4180405,-0.027263574,-0.32880005,-0.81676173,-0.67230356,-1.1056495,0.79884404,0.25499806,0.24789755,0.30200297,0.3986703,0.40987715,0.16259821,1.1260515,0.436095,-0.7630767,0
2021-04-09,sh600519,0.15578508,0.59178215,0.82939297,1.2909644,0.80675143,-0.8174722,-0.3276725,-0.7960685,0.008782591,-1.7150195,0.7754155,0.20781212,0.23243852,0.32565603,0.5051289,0.39747617,0.19879226,0.9574406,0.24189132,-0.760924,1
2021-04-12,sh600519,-0.32596818,0.84502834,0.71359986,0.79070467,0.7070925,-1.0065967,-0.46265498,-0.75721925,0.36553696,-1.2919589,0.15118699,0.54286903,0.26501307,0.34817284,-0.9042875,0.29440555,0.2621491,-0.73000634,-0.32470492,-0.6729799,0
2021-04-13,sh600519,-0.21368913,0.19419281,0.70496243,-0.23866414,0.17516512,-0.8403013,-0.68045086,-0.72327507,0.70276296,-0.4553952,0.3043531,1.0315291,0.69215345,0.3686043,-1.2107096,0.26612267,0.25922564,-0.53089,0.23366284,-0.6662541,0
2021-04-14,sh600519,-0.6494057,1.0104637,0.8064931,-0.3925011,-1.2765292,-0.78502357,-0.7167354,-0.7165538,1.2047529,0.36318076,-0.7454311,0.97069865,0.6179052,0.38295177,-1.0263933,0.35857823,0.2921831,-1.0003633,-0.38347283,-0.59450823,0
2021-04-15,sh600519,0.5479488,1.6961509,0.91591483,-0.92045474,-1.2273645,-0.07118134,-0.785025,-0.7028851,-0.69332135,0.16274704,-1.2029341,1.0737622,0.610258,0.40197268,-1.0683731,0.28946072,0.25139108,-1.0366621,-0.91481304,-0.64412916,0
2021-04-16,sh600519,0.51249075,0.40678284,0.7019022,-0.63321227,-0.34070244,0.12183017,-0.6290722,-0.6923178,0.4299853,1.3134431,-0.8262594,1.0769591,0.5898289,0.41256836,-1.4336274,0.357624,0.23095192,-0.913501,-1.0910846,-0.6523625,0
2021-04-19,sh600519,0.91694915,1.2976477,0.45044595,-0.19526945,0.0,-0.8425733,-0.561084,-0.67449075,0.7452069,1.3507556,-0.17230794,0.24890113,0.56127286,0.42349586,-1.332119,-0.73470557,0.34475702,-0.97005504,-1.4921802,-0.586355,0
2021-04-20,sh600519,0.59373873,-0.8367289,0.37556294,-0.03969149,0.20989203,-0.6834163,-0.55620235,-0.65097576,0.056564927,0.7339402,-0.35124612,-0.10258248,0.5161055,0.42003635,-1.2778257,-1.1330937,0.31308565,-0.8270173,-1.221287,-0.5576768,0
2021-04-21,sh600519,-0.6468156,0.15326403,0.26143375,-0.026287189,0.2190544,-0.18364409,-0.6021021,-0.5970295,-1.073013,-0.015140772,-0.93659127,-0.5800732,0.34119782,0.42970106,-1.0423603,-0.95790875,0.35618696,-0.9621023,-0.9596279,-0.4698794,0
2021-04-22,sh600519,0.032785162,-0.5466462,0.42391288,-0.7275758,-1.4731033,0.3378224,-0.7483103,-0.5443544,-0.94573724,-0.8322687,0.071511574,-0.57990116,0.26163858,0.44197455,-0.5159797,-1.0036476,0.36004022,-1.2501615,-0.87148684,-0.43277475,0
2021-04-23,sh600519,1.011175,-0.59411013,0.35558262,-0.68361247,-1.4808888,0.49475598,-0.8064594,-0.5239988,1.1876373,0.19223239,0.81851226,-0.13858181,0.23615989,0.43959516,0.5832427,-0.6042221,0.42375752,-1.1846826,-0.40453434,-0.46036044,-1
2021-04-26,sh600519,0.6241219,-0.5329362,0.4741676,-0.6584507,-1.4780245,0.15359245,-0.86270046,-0.49459812,-0.24314159,-0.56102884,0.5306404,0.18582098,0.5106996,0.43967554,0.5030862,-0.5318171,0.43531,-1.0571649,-0.4007027,-0.4984583,0
2021-04-27,sh600519,-0.7735061,1.2621148,0.70196825,-0.6692607,-1.0721147,-0.03410838,-0.8592744,-0.51235265,0.04280587,-0.16341032,0.10399432,-0.18883969,0.6545056,0.42579788,-0.05290532,-0.5463778,0.12725385,-0.009422044,-0.6315894,-0.36994958,0
2021-04-28,sh600519,-0.024592727,-0.21759807,0.7655765,-0.25182503,-1.3389724,-0.80439395,-0.906466,-0.4976739,-1.3624593,-1.1750346,-0.8380003,-0.7476114,0.26273382,0.39014566,-0.9370716,-0.9973253,-0.21698743,0.52767724,0.11721392,-0.4626642,0
2021-04-29,sh600519,-0.47093403,0.31846884,0.6560221,0.154895,0.5895179,-0.7098936,-0.91317785,-0.45474565,-0.18287967,-0.8844431,-0.9050231,-0.95315975,0.24907297,0.3881166,-0.8507531,-0.8212049,-0.15788165,2.758658,0.11729396,-0.40746215,0
2021-04-30,sh600519,-0.6286566,-0.63026875,0.71419245,0.2435767,0.62086856,0.13753091,-0.77840245,-0.40367243,-0.03837279,-0.7134447,-0.7323843,-0.91241246,0.12515032,0.38938072,-1.2512275,-0.77478826,-0.15089194,3.0,0.6088184,-0.44767922,0
2021-05-06,sh600519,0.4410714,-0.3188247,0.9561286,1.020352,0.90297985,0.4331631,-0.7867408,-0.34994936,-0.30838543,-1.1370467,-0.7129714,-1.0485525,-0.73052704,0.36537054,-1.2191072,-0.8451816,-0.19330849,1.5505769,0.109703325,-0.5121188,0
2021-05-07,sh600519,1.1391366,-0.7346499,1.127615,1.5001776,0.84118164,0.582587,-0.6830388,-0.27767715,-0.8831894,-1.5092466,0.059287466,-1.0265857,-0.99578524,0.33730236,-0.99614435,-0.71890724,-0.18241566,0.7864104,-0.7147389,-0.6249532,1
2021-05-10,sh600519,0.0228448,0.48938125,1.3291866,1.9518312,0.952344,0.8131505,-0.4308185,-0.21799661,0.2236874,-0.9066931,-0.8632521,-0.894197,-1.0659331,0.32613316,-1.1335591,-0.69713455,-0.18791926,-0.75054127,-0.72598016,-0.6244571,0
2021-05-11,sh600519,2.6320884,-0.64625406,1.1851326,1.083391,-0.7329026,0.8530677,-0.3551904,-0.20278804,2.9380162,1.7079004,-0.76300997,-0.836532,-1.075403,0.32959512,-0.75900435,-0.66373026,-0.22839028,-0.6899072,-1.0793598,-0.6779939,0
2021-05-12,sh600519,0.31767488,-0.9395569,1.5009979,0.6809583,-1.1177025,0.35780302,-0.1984317,-0.23977476,1.4286642,2.015234,-0.755897,-0.7043865,-1.0629023,0.30083704,-0.8806674,-0.8189072,-0.5185638,0.23005016,-1.1289124,-0.63612115,0
2021-05-13,sh600519,-0.59297055,0.412482,1.5218987,0.7993566,0.26197237,-0.062116627,0.046621345,-0.2736642,-0.8993177,1.4123905,-1.0285891,-0.5017701,-0.92794657,0.33907276,-0.46491173,-0.8180651,-0.5194009,1.7399818,-0.33341557,-0.638841,0
2021-05-14,sh600519,0.4973226,-0.31310925,1.5546161,0.9449296,0.4407786,-0.8331862,0.11114064,-0.3362627,-0.30921808,1.5642357,-0.7958606,0.06992978,-0.9394875,0.3838498,0.12438612,-0.64577353,-0.435852,-0.006543557,-0.15107536,-0.6249086,0
2021-05-17,sh600519,0.70967853,-0.9481598,1.646058,0.3520242,0.5509419,-0.8945389,-0.13651092,-0.43187797,0.8864299,1.6756603,0.49244025,-0.5218363,-0.8711838,0.46944496,0.15251073,-0.036200583,-0.3720399,-0.48656294,-0.42172357,-0.61459494,-1
2021-05-18,sh600519,-0.67449075,0.49947402,2.0684552,0.4376889,0.61745733,-0.14989024,-0.24190791,-0.518941,-0.24753866,0.66254085,-0.14196892,-0.9623791,-0.87478614,0.39903805,0.6480119,-0.1458154,-0.7391847,3.0,-0.05395916,-0.5211426,0
2021-05-19,sh600519,-0.53432316,-0.031207211,1.7210839,0.30776277,0.30667228,0.6377503,-0.41434485,-0.61635584,-1.1433611,-0.4154362,-0.16340302,-1.1019279,-0.871452,0.30493245,0.34017262,-0.20197877,-0.74425435,2.192749,0.5600783,-0.42348063,0
2021-05-20,sh600519,-0.8313066,0.41933915,1.6533636,-0.58767414,-0.38010114,0.90991986,-0.66096383,-0.72237104,-0.31707382,-0.7208718,-0.5799716,-1.1861085,-0.90119207,0.21176822,0.2664424,0.08073151,-0.74798405,2.4486637,0.7040908,-0.4033407,0
2021-05-21,sh600519,-0.1496394,-0.4296013,1.200671,-1.2921944,-0.3745741,0.6566433,-0.8224145,-0.8135798,-0.2651161,-1.1504928,-0.016515737,-1.059573,-0.8897431,0.05775016,-0.08946776,0.09233728,-0.65550923,1.7618073,1.569465,-0.73317677,0
2021-05-24,sh600519,0.14886142,1.097456,1.1603527,-1.1164656,-1.3353631,0.66395307,-0.9268037,-0.9200107,0.61806387,-0.26426482,0.37018737,-0.63294727,-0.84532845,-0.065314405,-0.13854523,0.093903944,-0.58800536,-0.53937864,0.15330084,-0.7318964,0
2021-05-25,sh600519,3.0,-0.9481598,0.4526807,1.4003463,-0.045197275,0.48258045,-0.84256583,-1.0129306,2.5190086,1.7281473,1.107319,0.9471091,-0.19811374,-0.09829226,0.818394,0.8011446,0.0,0.47643718,2.4142597,-0.764465,0
2021-05-26,sh600519,-0.031791452,0.46746862,0.27607298,2.3324769,0.5469888,0.5876188,-0.42341414,-1.0203545,0.37760666,1.2070018,0.90127105,1.0225129,-0.09829921,-0.15519711,0.5982209,0.74903476,-0.090618,2.1158547,1.9839238,-0.7096028,0
2021-05-27,sh600519,3.0,-0.006966933,0.13667756,2.694299,0.79776657,0.6311107,0.03242258,-0.9651414,-0.9981856,0.85144126,0.8223639,1.0763464,0.06807854,-0.16110964,0.57677025,0.7056809,-0.06992629,1.1346093,1.5228218,-0.67751217,0
2021-05-28,sh600519,-0.24729565,1.3443568,0.27147612,1.6795788,0.2392621,0.67449075,0.545282,-0.85310733,-1.7522347,-0.1702751,0.09671332,0.9642246,-0.03597452,-0.25807747,0.76452774,0.75914866,0.008846449,3.0,1.5512624,-0.610705,0
2021-05-31,sh600519,-0.14328289,3.0,0.029003585,-0.79785025,-0.8896237,0.73449576,0.8509348,-0.77468663,-0.7355963,-0.9666411,-0.7295483,1.1508238,-0.07481377,-0.29364088,0.63575846,0.65750366,0.18131426,2.4061952,1.881915,-0.5972424,0
2021-06-01,sh600519,-0.29829398,0.5624,0.19383137,-1.1134049,-1.3874226,0.75082564,1.0911609,-0.6226619,0.34784222,-0.86910534,0.23457517,0.9758983,-0.10865391,-0.36163166,-0.23348545,0.7078844,0.2661715,0.14816326,-1.2898628,-0.51126605,0
