,date,code,open,high,low,close,preclose,volume,amount,adjustflag,turn,tradestatus,pctChg,isST,label
0,2020-01-02,sh.600519,1128.0000,1145.0600,1116.0000,1130.0000,1183.0000,14809916,16696837095.0000,3,1.178900,1,-4.480100,0,0
1,2020-01-03,sh.600519,1117.0000,1117.0000,1076.9000,1078.5600,1130.0000,13031878,14266380596.0000,3,1.037400,1,-4.552200,0,1
2,2020-01-06,sh.600519,1070.8600,1092.9000,1067.3000,1077.9900,1078.5600,6341478,6853917601.0000,3,0.504800,1,-0.052900,0,0
3,2020-01-07,sh.600519,1077.5000,1099.0000,1076.4000,1094.5300,1077.9900,4785359,5220697068.0000,3,0.380900,1,1.534300,0,0
4,2020-01-08,sh.600519,1085.0500,1095.5000,1082.5800,1088.1400,1094.5300,2500825,2720371915.0000,3,0.199100,1,-0.583800,0,0
5,2020-01-09,sh.600519,1094.0000,1105.3900,1090.0000,1102.7000,1088.1400,3740587,4110949814.0000,3,0.297800,1,1.338100,0,0
6,2020-01-10,sh.600519,1109.0000,1115.9900,1102.5000,1112.5000,1102.7000,3597587,3993457118.0000,3,0.286400,1,0.888700,0,-1
7,2020-01-13,sh.600519,1112.5000,1129.2000,1112.0000,1124.2700,1112.5000,3851575,4325687959.0000,3,0.306600,1,1.058000,0,0
8,2020-01-14,sh.600519,1124.2000,1124.8900,1103.0000,1107.4000,1124.2700,3514465,3916300790.0000,3,0.279800,1,-1.500500,0,0
9,2020-01-15,sh.600519,1109.0100,1121.6000,1105.0000,1112.1300,1107.4000,2602911,2895603674.0000,3,0.207200,1,0.427100,0,0
10,2020-01-16,sh.600519,1118.8700,1118.8700,1102.5800,1107.0000,1112.1300,2319165,2571593141.0000,3,0.184600,1,-0.461300,0,0
11,2020-01-17,sh.600519,1110.0000,1112.7800,1101.0100,1107.5000,1107.0000,2347275,2599645144.0000,3,0.186900,1,0.045200,0,0
12,2020-01-20,sh.600519,1111.8600,1111.8600,1082.0000,1091.0000,1107.5000,3539130,3858246844.0000,3,0.281700,1,-1.489800,0,0
13,2020-01-21,sh.600519,1081.0000,1087.0000,1072.3000,1075.3000,1091.0000,3287405,3542441308.0000,3,0.261700,1,-1.439000,0,0
14,2020-01-22,sh.600519,1070.0000,1084.0000,1055.3800,1075.5100,1075.3000,3620004,3875275065.0000,3,0.288200,1,0.019500,0,0
15,2020-01-23,sh.600519,1076.0000,1076.0000,1037.0000,1052.8000,1075.5100,5346843,5638945742.0000,3,0.425600,1,-2.111600,0,0
16,2020-02-03,sh.600519,985.0000,1010.6800,980.0000,1003.9200,1052.8000,12344288,12314991759.0000,3,0.982700,1,-4.642900,0,1
17,2020-02-04,sh.600519,1015.0000,1057.0000,1011.0100,1038.0100,1003.9200,6262418,6490469043.0000,3,0.498500,1,3.395700,0,0
18,2020-02-05,sh.600519,1050.0000,1054.0000,1033.0300,1049.9900,1038.0100,4741824,4956355235.0000,3,0.377500,1,1.154100,0,0
19,2020-02-06,sh.600519,1059.4300,1075.0000,1052.0200,1071.0000,1049.9900,4717121,5011246407.0000,3,0.375500,1,2.001000,0,0
20,2020-02-07,sh.600519,1070.0100,1077.0000,1061.0200,1076.0000,1071.0000,3127871,3348894576.0000,3,0.249000,1,0.466900,0,0
21,2020-02-10,sh.600519,1062.0000,1074.6000,1057.2000,1066.4900,1076.0000,3053342,3251908506.0000,3,0.243100,1,-0.883800,0,0
22,2020-02-11,sh.600519,1063.0000,1099.6800,1062.8000,1098.0000,1066.4900,4791793,5222918915.0000,3,0.381500,1,2.954600,0,-1
23,2020-02-12,sh.600519,1089.0000,1098.7900,1085.8800,1097.2700,1098.0000,2812543,3072293973.0000,3,0.223900,1,-0.066500,0,0
24,2020-02-13,sh.600519,1098.0000,1113.8900,1088.0100,1091.0000,1097.2700,3035736,3335277425.0000,3,0.241700,1,-0.571400,0,0
25,2020-02-14,sh.600519,1090.4500,1093.5100,1083.1100,1088.0000,1091.0000,2328760,2534568401.0000,3,0.185400,1,-0.275000,0,0
26,2020-02-17,sh.600519,1082.5000,1096.1900,1082.4000,1093.8200,1088.0000,2702822,2946182657.0000,3,0.215200,1,0.534900,0,0
27,2020-02-18,sh.600519,1090.0100,1096.8800,1083.0000,1084.0000,1093.8200,2666496,2897729692.0000,3,0.212300,1,-0.897800,0,0
28,2020-02-19,sh.600519,1085.0000,1101.5000,1078.0000,1096.5000,1084.0000,3705147,4052365602.0000,3,0.294900,1,1.153100,0,0
29,2020-02-20,sh.600519,1096.7000,1124.0000,1095.4100,1118.0000,1096.5000,4680262,5220660940.0000,3,0.372600,1,1.960800,0,0
30,2020-02-21,sh.600519,1111.4600,1123.5400,1110.0100,1112.8800,1118.0000,2894008,3225337160.0000,3,0.230400,1,-0.458000,0,0
31,2020-02-24,sh.600519,1105.5000,1110.0000,1085.5000,1087.1800,1112.8800,3865036,4221857466.0000,3,0.307700,1,-2.309300,0,0
32,2020-02-25,sh.600519,1078.0000,1082.0900,1067.8800,1074.8100,1087.1800,3838562,4127432130.0000,3,0.305600,1,-1.137800,0,1
33,2020-02-26,sh.600519,1062.0000,1084.0000,1055.0000,1073.7000,1074.8100,4356097,4663278433.0000,3,0.346800,1,-0.103300,0,0
34,2020-02-27,sh.600519,1076.0000,1094.9900,1076.0000,1087.3900,1073.7000,3449829,3758783810.0000,3,0.274600,1,1.275000,0,0
35,2020-02-28,sh.600519,1070.3000,1082.0000,1049.9700,1057.0000,1087.3900,4994657,5307929213.0000,3,0.397600,1,-2.794800,0,0
36,2020-03-02,sh.600519,1050.1100,1096.5500,1050.0100,1086.0100,1057.0000,4766304,5154329159.0000,3,0.379400,1,2.744600,0,0
37,2020-03-03,sh.600519,1098.0000,1118.8800,1098.0000,1113.0000,1086.0100,5025015,5585227657.0000,3,0.400000,1,2.485200,0,0
38,2020-03-04,sh.600519,1125.0000,1139.0000,1116.2400,1128.9200,1113.0000,5379299,6080149243.0000,3,0.428200,1,1.430400,0,0
39,2020-03-05,sh.600519,1136.3100,1174.9900,1130.5600,1171.0000,1128.9200,6242645,7210485104.0000,3,0.496900,1,3.727500,0,-1
40,2020-03-06,sh.600519,1163.0000,1176.0000,1151.9800,1155.5000,1171.0000,3064100,3553622358.0000,3,0.243900,1,-1.323700,0,0
41,2020-03-09,sh.600519,1135.0000,1135.0000,1111.3100,1114.0100,1155.5000,4340409,4865288500.0000,3,0.345500,1,-3.590700,0,0
42,2020-03-10,sh.600519,1113.0000,1168.0000,1113.0000,1156.0000,1114.0100,5806293,6635936156.0000,3,0.462200,1,3.769300,0,0
43,2020-03-11,sh.600519,1155.5000,1169.5800,1141.0000,1158.5200,1156.0000,3554757,4124607952.0000,3,0.283000,1,0.218000,0,0
44,2020-03-12,sh.600519,1141.2200,1153.0000,1125.1000,1138.5000,1158.5200,3663063,4172606105.0000,3,0.291600,1,-1.728100,0,0
45,2020-03-13,sh.600519,1090.0000,1128.9800,1080.0000,1112.0300,1138.5000,7588531,8348496480.0000,3,0.604100,1,-2.325000,0,0
46,2020-03-16,sh.600519,1103.9800,1107.9500,1062.0000,1067.0000,1112.0300,5123254,5548946745.0000,3,0.407800,1,-4.049400,0,0
47,2020-03-17,sh.600519,1055.0000,1078.0000,1011.1200,1045.1000,1067.0000,7935912,8277472787.0000,3,0.631700,1,-2.052500,0,0
48,2020-03-18,sh.600519,1040.0000,1060.0000,1007.9900,1007.9900,1045.1000,7345988,7582762547.0000,3,0.584800,1,-3.550900,0,1
49,2020-03-19,sh.600519,993.9900,1015.0000,960.1000,996.0000,1007.9900,10226507,10075880470.0000,3,0.814100,1,-1.189500,0,0
50,2020-03-20,sh.600519,1011.0000,1043.0000,1011.0000,1035.2800,996.0000,6013919,6169094444.0000,3,0.478700,1,3.943800,0,0
51,2020-03-23,sh.600519,1000.0000,1035.2800,991.5200,1019.0000,1035.2800,4847210,4918121944.0000,3,0.385900,1,-1.572500,0,0
52,2020-03-24,sh.600519,1043.0000,1058.8800,1035.0000,1056.0000,1019.0000,4665096,4900364144.0000,3,0.371400,1,3.631000,0,0
53,2020-03-25,sh.600519,1087.9800,1091.3600,1074.2000,1080.1000,1056.0000,3704866,4015061222.0000,3,0.294900,1,2.282200,0,0
54,2020-03-26,sh.600519,1073.3300,1091.2000,1062.0000,1064.9200,1080.1000,3004856,3231754298.0000,3,0.239200,1,-1.405400,0,0
55,2020-03-27,sh.600519,1085.0000,1092.0000,1075.0100,1075.5000,1064.9200,3626112,3931759353.0000,3,0.288700,1,0.993500,0,0
56,2020-03-30,sh.600519,1060.2500,1077.0000,1057.0000,1072.0000,1075.5000,3068741,3279823025.0000,3,0.244300,1,-0.325400,0,0
57,2020-03-31,sh.600519,1082.0000,1115.0000,1081.8000,1111.0000,1072.0000,4798437,5293170703.0000,3,0.382000,1,3.638100,0,0
58,2020-04-01,sh.600519,1117.0000,1129.0000,1103.0000,1103.0000,1111.0000,3320535,3700184247.0000,3,0.264300,1,-0.720100,0,0
59,2020-04-02,sh.600519,1104.0000,1145.0000,1103.8800,1145.0000,1103.0000,4520561,5095167594.0000,3,0.359900,1,3.807800,0,0
60,2020-04-03,sh.600519,1139.0300,1147.9600,1131.9800,1139.7900,1145.0000,2761761,3148421866.0000,3,0.219900,1,-0.455000,0,0
61,2020-04-07,sh.600519,1161.9500,1166.5000,1148.8900,1159.9500,1139.7900,4348800,5041525481.0000,3,0.346200,1,1.768700,0,0
62,2020-04-08,sh.600519,1152.0000,1166.3100,1152.0000,1159.7600,1159.9500,2422442,2809422100.0000,3,0.192800,1,-0.016400,0,0
63,2020-04-09,sh.600519,1166.0000,1169.0000,1147.9600,1158.5000,1159.7600,2281697,2640230492.0000,3,0.181600,1,-0.108600,0,0
64,2020-04-10,sh.600519,1157.8800,1181.5000,1153.5000,1165.0000,1158.5000,2780434,3252600672.0000,3,0.221300,1,0.561100,0,0
65,2020-04-13,sh.600519,1165.0000,1169.9800,1148.5000,1162.3000,1165.0000,1598147,1854563731.0000,3,0.127200,1,-0.231800,0,0
66,2020-04-14,sh.600519,1176.0000,1191.5500,1166.0000,1185.1000,1162.3000,3679955,4340858665.0000,3,0.292900,1,1.961600,0,0
67,2020-04-15,sh.600519,1192.0000,1203.9900,1187.1000,1189.6000,1185.1000,2933229,3501318260.0000,3,0.233500,1,0.379700,0,0
68,2020-04-16,sh.600519,1192.9700,1197.1000,1184.1000,1197.1000,1189.6000,2172774,2588431844.0000,3,0.173000,1,0.630500,0,0
69,2020-04-17,sh.600519,1210.0000,1234.5600,1205.0100,1226.0000,1197.1000,3824569,4676618151.0000,3,0.304500,1,2.414200,0,0
70,2020-04-20,sh.600519,1221.0000,1231.5000,1216.8000,1227.3000,1226.0000,2423864,2963483323.0000,3,0.193000,1,0.106000,0,0
71,2020-04-21,sh.600519,1221.0200,1223.9900,1193.0000,1200.0000,1227.3000,2922422,3517018487.0000,3,0.232600,1,-2.224400,0,0
72,2020-04-22,sh.600519,1206.0000,1249.5000,1202.2200,1244.5000,1200.0000,4403473,5430377598.0000,3,0.350500,1,3.708300,0,0
73,2020-04-23,sh.600519,1250.0000,1265.6800,1247.7700,1252.2600,1244.5000,2689851,3377042463.0000,3,0.214100,1,0.623500,0,0
74,2020-04-24,sh.600519,1248.0000,1259.8900,1235.1800,1250.5600,1252.2600,1912240,2390444036.0000,3,0.152200,1,-0.135800,0,0
75,2020-04-27,sh.600519,1257.0000,1278.1700,1250.9600,1276.0000,1250.5600,2590391,3284513346.0000,3,0.206200,1,2.034300,0,0
76,2020-04-28,sh.600519,1285.3100,1299.9400,1271.8800,1279.1300,1276.0000,3466190,4458549425.0000,3,0.275900,1,0.245300,0,0
77,2020-04-29,sh.600519,1277.8000,1288.1000,1258.0000,1274.9000,1279.1300,2344406,2976724957.0000,3,0.186600,1,-0.330700,0,0
78,2020-04-30,sh.600519,1271.0000,1285.0100,1258.8800,1265.7000,1274.9000,2466087,3134408881.0000,3,0.196300,1,-0.721600,0,0
79,2020-05-06,sh.600519,1251.0000,1300.0000,1250.0000,1300.0000,1265.7000,3583481,4598589768.0000,3,0.285300,1,2.710000,0,0
80,2020-05-07,sh.600519,1299.4000,1314.9900,1293.0000,1312.0000,1300.0000,2793474,3647628296.0000,3,0.222400,1,0.923100,0,0
81,2020-05-08,sh.600519,1317.0000,1338.0000,1308.5100,1314.6100,1312.0000,2907868,3839218026.0000,3,0.231500,1,0.198900,0,0
82,2020-05-11,sh.600519,1320.0000,1335.0000,1313.6700,1323.0100,1314.6100,2367119,3135990964.0000,3,0.188400,1,0.639000,0,0
83,2020-05-12,sh.600519,1318.0000,1334.9900,1316.0000,1333.0000,1323.0100,1972181,2621824685.0000,3,0.157000,1,0.755100,0,0
84,2020-05-13,sh.600519,1333.0000,1337.9900,1322.8800,1335.9500,1333.0000,2201431,2931464950.0000,3,0.175200,1,0.221300,0,0
85,2020-05-14,sh.600519,1330.0000,1334.8800,1325.1100,1326.5900,1335.9500,1857492,2467976357.0000,3,0.147900,1,-0.700600,0,0
86,2020-05-15,sh.600519,1329.0000,1333.5000,1301.8800,1313.0000,1326.5900,2639808,3469736812.0000,3,0.210100,1,-1.024400,0,0
87,2020-05-18,sh.600519,1306.0000,1351.5000,1305.1300,1346.2100,1313.0000,3436211,4587989708.0000,3,0.273500,1,2.529300,0,0
88,2020-05-19,sh.600519,1364.0000,1364.0000,1338.0000,1346.1100,1346.2100,2478746,3342210487.0000,3,0.197300,1,-0.007400,0,0
89,2020-05-20,sh.600519,1346.1100,1359.1800,1336.8100,1351.0000,1346.1100,2118340,2859455106.0000,3,0.168600,1,0.363300,0,0
90,2020-05-21,sh.600519,1355.0000,1371.9600,1352.8600,1366.1000,1351.0000,2305158,3147105462.0000,3,0.183500,1,1.117700,0,0
91,2020-05-22,sh.600519,1366.0000,1366.1000,1322.8800,1328.2000,1366.1000,3442746,4608696074.0000,3,0.274100,1,-2.774300,0,0
92,2020-05-25,sh.600519,1330.0000,1366.5800,1321.0000,1362.9000,1328.2000,3156100,4260387678.0000,3,0.251200,1,2.612600,0,0
93,2020-05-26,sh.600519,1369.8800,1369.9500,1355.0000,1358.0000,1362.9000,2247019,3056188321.0000,3,0.178900,1,-0.359500,0,0
94,2020-05-27,sh.600519,1359.0000,1360.0000,1333.0000,1338.0000,1358.0000,2677741,3596654307.0000,3,0.213200,1,-1.472800,0,0
95,2020-05-28,sh.600519,1337.9700,1346.9400,1321.1300,1344.0000,1338.0000,2648591,3536546893.0000,3,0.210800,1,0.448400,0,0
96,2020-05-29,sh.600519,1332.1000,1369.9800,1332.1000,1366.6000,1344.0000,3044435,4144247222.0000,3,0.242400,1,1.681500,0,0
97,2020-06-01,sh.600519,1381.0000,1420.1000,1381.0000,1419.5000,1366.6000,3547976,4986178912.0000,3,0.282400,1,3.870900,0,0
98,2020-06-02,sh.600519,1416.0100,1427.9000,1406.6600,1410.7100,1419.5000,2596010,3679210598.0000,3,0.206700,1,-0.619200,0,0
99,2020-06-03,sh.600519,1415.0000,1417.5000,1395.7700,1399.3000,1410.7100,2355736,3308382799.0000,3,0.187500,1,-0.808800,0,0
100,2020-06-04,sh.600519,1396.0000,1411.0000,1396.0000,1407.9900,1399.3000,1803741,2534459742.0000,3,0.143600,1,0.621000,0,0
101,2020-06-05,sh.600519,1405.2500,1428.8800,1401.0800,1425.0000,1407.9900,1834706,2597524609.0000,3,0.146100,1,1.208100,0,-1
102,2020-06-08,sh.600519,1425.0000,1435.0000,1402.0100,1406.1000,1425.0000,2930045,4145298455.0000,3,0.233200,1,-1.326300,0,0
103,2020-06-09,sh.600519,1408.0000,1425.0000,1400.6800,1416.5500,1406.1000,2261191,3199849660.0000,3,0.180000,1,0.743200,0,0
104,2020-06-10,sh.600519,1425.0000,1433.3300,1417.0000,1423.6600,1416.5500,2270074,3234843851.0000,3,0.180700,1,0.501900,0,0
105,2020-06-11,sh.600519,1411.0100,1417.9900,1396.9900,1400.4600,1423.6600,3071171,4314846228.0000,3,0.244500,1,-1.629600,0,0
106,2020-06-12,sh.600519,1387.1700,1416.3700,1383.3100,1416.3700,1400.4600,2842742,3992323389.0000,3,0.226300,1,1.136100,0,0
107,2020-06-15,sh.600519,1402.0000,1411.6000,1381.0000,1383.0000,1416.3700,3461541,4819512189.0000,3,0.275600,1,-2.356000,0,1
108,2020-06-16,sh.600519,1398.5000,1414.0000,1393.1300,1403.8800,1383.0000,2920664,4099718932.0000,3,0.232500,1,1.509800,0,0
109,2020-06-17,sh.600519,1411.8600,1411.9000,1395.0200,1405.0000,1403.8800,1945307,2730097120.0000,3,0.154900,1,0.079800,0,0
110,2020-06-18,sh.600519,1404.9000,1413.2000,1400.1000,1413.0000,1405.0000,2101041,2956800081.0000,3,0.167300,1,0.569400,0,0
111,2020-06-19,sh.600519,1420.0000,1445.2000,1415.1000,1439.8400,1413.0000,3895833,5603232657.0000,3,0.310100,1,1.899500,0,0
112,2020-06-22,sh.600519,1435.1000,1443.8900,1433.2000,1439.0000,1439.8400,2324700,3343536637.0000,3,0.185100,1,-0.058300,0,0
113,2020-06-23,sh.600519,1435.0000,1482.0000,1433.5200,1474.5000,1439.0000,3393426,4963194685.0000,3,0.270100,1,2.467000,0,0
114,2020-06-24,sh.600519,1463.6000,1465.7100,1445.0000,1460.0100,1457.4800,2513899,3663537115.0000,3,0.200100,1,0.173600,0,0
115,2020-06-29,sh.600519,1448.0000,1466.0000,1437.0100,1463.1700,1460.0100,2808061,4064048236.0000,3,0.223500,1,0.216400,0,0
116,2020-06-30,sh.600519,1463.1200,1468.9800,1455.1200,1462.8800,1463.1700,2244614,3281641199.0000,3,0.178700,1,-0.019800,0,0
117,2020-07-01,sh.600519,1468.0000,1506.1000,1464.0200,1494.2700,1462.8800,3868249,5759640251.0000,3,0.307900,1,2.145800,0,0
118,2020-07-02,sh.600519,1499.0000,1550.9000,1495.0000,1544.0000,1494.2700,4588372,7014289615.0000,3,0.365300,1,3.328000,0,0
119,2020-07-03,sh.600519,1550.0000,1552.5000,1516.8800,1541.7900,1544.0000,3512581,5395637032.0000,3,0.279600,1,-0.143100,0,0
120,2020-07-06,sh.600519,1538.0000,1616.0000,1531.8100,1600.0000,1541.7900,5182196,8228068998.0000,3,0.412500,1,3.775500,0,0
121,2020-07-07,sh.600519,1603.0900,1744.8200,1601.0000,1688.0000,1600.0000,6666393,11219852098.0000,3,0.530700,1,5.500000,0,0
122,2020-07-08,sh.600519,1680.0000,1719.0000,1660.0000,1681.3400,1688.0000,5316998,8963189092.0000,3,0.423300,1,-0.394600,0,0
123,2020-07-09,sh.600519,1691.0000,1712.0000,1682.0000,1706.0000,1681.3400,3503324,5951732803.0000,3,0.278900,1,1.466700,0,0
124,2020-07-10,sh.600519,1689.0000,1736.6000,1688.9400,1713.8500,1706.0000,3710044,6352507468.0000,3,0.295300,1,0.460100,0,-1
125,2020-07-13,sh.600519,1714.6800,1787.0000,1714.6800,1781.9900,1713.8500,6072716,10679460274.0000,3,0.483400,1,3.975800,0,0
126,2020-07-14,sh.600519,1781.9900,1782.0300,1748.4000,1762.0000,1781.9900,4609351,8135834910.0000,3,0.366900,1,-1.121800,0,0
127,2020-07-15,sh.600519,1744.8800,1782.6000,1744.7100,1752.5300,1762.0000,4071294,7176560649.0000,3,0.324100,1,-0.537500,0,0
128,2020-07-16,sh.600519,1729.9100,1729.9100,1600.0000,1614.0000,1752.5300,10224219,16901373196.0000,3,0.813900,1,-7.904600,0,0
129,2020-07-17,sh.600519,1620.0000,1672.5900,1620.0000,1648.0500,1614.0000,6590206,10863420089.0000,3,0.524600,1,2.109700,0,0
130,2020-07-20,sh.600519,1652.5000,1663.9900,1588.8800,1636.9600,1648.0500,4528033,7363822989.0000,3,0.360500,1,-0.672900,0,0
131,2020-07-21,sh.600519,1646.6400,1702.8000,1630.9900,1668.0000,1636.9600,4196950,7026353150.9800,3,0.334100,1,1.896200,0,0
132,2020-07-22,sh.600519,1658.0000,1710.0000,1658.0000,1678.0800,1668.0000,3920121,6637265371.7100,3,0.312100,1,0.604300,0,0
133,2020-07-23,sh.600519,1672.0000,1691.0000,1650.0000,1676.0000,1678.0800,3432052,5739050333.4200,3,0.273200,1,-0.124000,0,0
134,2020-07-24,sh.600519,1654.8500,1666.0000,1585.0000,1595.3000,1676.0000,7875201,12705941887.2200,3,0.626900,1,-4.815000,0,1
135,2020-07-27,sh.600519,1616.0100,1629.8000,1600.0000,1622.5500,1595.3000,3878817,6279664443.7100,3,0.308800,1,1.708100,0,0
136,2020-07-28,sh.600519,1630.0000,1680.0000,1630.0000,1670.0000,1622.5500,5491152,9133721867.3100,3,0.437100,1,2.924400,0,0
137,2020-07-29,sh.600519,1690.0000,1690.0000,1633.0000,1672.0000,1670.0000,5074843,8411789966.5000,3,0.404000,1,0.119800,0,0
138,2020-07-30,sh.600519,1671.2000,1700.5900,1670.5000,1680.0000,1672.0000,3837304,6486855474.9900,3,0.305500,1,0.478500,0,-1
139,2020-07-31,sh.600519,1685.0000,1705.0000,1646.0000,1678.1800,1680.0000,4068474,6846747330.2200,3,0.323900,1,-0.108300,0,0
140,2020-08-03,sh.600519,1686.8800,1696.5800,1660.0000,1668.0000,1678.1800,3466114,5790041421.9300,3,0.275900,1,-0.606600,0,0
141,2020-08-04,sh.600519,1675.0000,1682.9900,1660.0000,1669.9900,1668.0000,3194051,5337185768.0100,3,0.254300,1,0.119300,0,0
142,2020-08-05,sh.600519,1662.0900,1673.0900,1643.3100,1668.0000,1669.9900,2552169,4236612469.3400,3,0.203200,1,-0.119200,0,0
143,2020-08-06,sh.600519,1670.0000,1674.0300,1630.0000,1637.9600,1668.0000,3264878,5372942644.9600,3,0.259900,1,-1.801000,0,0
144,2020-08-07,sh.600519,1644.7700,1649.6700,1598.5000,1631.0000,1637.9600,3424205,5560065753.2700,3,0.272600,1,-0.424900,0,1
145,2020-08-10,sh.600519,1627.9700,1644.9600,1608.1100,1633.9900,1631.0000,2362354,3857721122.3800,3,0.188100,1,0.183300,0,0
146,2020-08-11,sh.600519,1640.0000,1666.4300,1640.0000,1642.5100,1633.9900,3581818,5936904875.6400,3,0.285100,1,0.521400,0,0
147,2020-08-12,sh.600519,1633.0000,1641.0000,1605.2500,1626.9500,1642.5100,2793392,4529267492.9800,3,0.222400,1,-0.947300,0,0
148,2020-08-13,sh.600519,1630.0000,1638.8800,1609.0000,1635.0000,1626.9500,2054134,3341652185.8900,3,0.163500,1,0.494800,0,0
149,2020-08-14,sh.600519,1639.9000,1665.7000,1631.0000,1661.0000,1635.0000,3765318,6230475427.2400,3,0.299700,1,1.590200,0,0
150,2020-08-17,sh.600519,1674.0000,1704.3500,1670.0000,1690.0000,1661.0000,4357201,7363610867.3300,3,0.346900,1,1.745900,0,-1
151,2020-08-18,sh.600519,1697.3800,1720.0000,1691.0000,1705.0000,1690.0000,3042281,5192751797.1100,3,0.242200,1,0.887600,0,0
152,2020-08-19,sh.600519,1700.0000,1717.0000,1682.9900,1687.0000,1705.0000,2691498,4578143762.2000,3,0.214300,1,-1.055700,0,0
153,2020-08-20,sh.600519,1674.0000,1679.0000,1656.0000,1664.0000,1687.0000,2238233,3727183935.4500,3,0.178200,1,-1.363400,0,0
154,2020-08-21,sh.600519,1673.0000,1698.0000,1671.0000,1676.0000,1664.0000,2508241,4217048420.2400,3,0.199700,1,0.721200,0,0
155,2020-08-24,sh.600519,1700.0000,1708.0000,1691.0100,1696.3500,1676.0000,3093344,5260286523.4600,3,0.246200,1,1.214200,0,0
156,2020-08-25,sh.600519,1704.8000,1746.7800,1698.6300,1727.0000,1696.3500,4187249,7227309774.1400,3,0.333300,1,1.806800,0,0
157,2020-08-26,sh.600519,1734.0000,1745.0000,1715.0200,1727.0000,1727.0000,2621573,4530374186.4700,3,0.208700,1,0.000000,0,0
158,2020-08-27,sh.600519,1731.9900,1733.9800,1705.0000,1731.0000,1727.0000,2263553,3896759446.1700,3,0.180200,1,0.231600,0,0
159,2020-08-28,sh.600519,1731.0000,1764.0000,1721.5000,1757.0000,1731.0000,4229962,7389242302.4900,3,0.336700,1,1.502000,0,0
160,2020-08-31,sh.600519,1770.5800,1816.0000,1770.5800,1786.5000,1757.0000,4781036,8608932570.4100,3,0.380600,1,1.679000,0,0
161,2020-09-01,sh.600519,1792.0000,1802.0000,1775.0100,1801.9800,1786.5000,3163992,5661594315.1600,3,0.251900,1,0.866500,0,0
162,2020-09-02,sh.600519,1825.0000,1828.0000,1770.0000,1795.0000,1801.9800,3200929,5746351923.0100,3,0.254800,1,-0.387400,0,0
163,2020-09-03,sh.600519,1795.0000,1812.0000,1779.7000,1793.0000,1795.0000,3043735,5471333880.1000,3,0.242300,1,-0.111400,0,0
164,2020-09-04,sh.600519,1766.0000,1776.9900,1746.0000,1770.0000,1793.0000,3085796,5433479408.0000,3,0.245600,1,-1.282800,0,0
165,2020-09-07,sh.600519,1760.0000,1777.9900,1703.9700,1723.5000,1770.0000,3111202,5446354619.0300,3,0.247700,1,-2.627100,0,0
166,2020-09-08,sh.600519,1732.0000,1737.8000,1677.0700,1711.4000,1723.5000,3447238,5865962723.7500,3,0.274400,1,-0.702100,0,1
167,2020-09-09,sh.600519,1699.6700,1711.0000,1680.0400,1688.0000,1711.4000,2596355,4401806095.1400,3,0.206700,1,-1.367300,0,0
168,2020-09-10,sh.600519,1703.7400,1720.0000,1700.0000,1705.8000,1688.0000,2477833,4236694401.5200,3,0.197200,1,1.054500,0,0
169,2020-09-11,sh.600519,1688.0000,1736.0000,1688.0000,1733.0000,1705.8000,3108800,5339883407.7600,3,0.247500,1,1.594600,0,0
170,2020-09-14,sh.600519,1745.0000,1769.0000,1730.5800,1766.0000,1733.0000,3105601,5448188995.3800,3,0.247200,1,1.904200,0,0
171,2020-09-15,sh.600519,1769.9900,1769.9900,1747.7500,1760.0000,1766.0000,2082087,3654872008.5100,3,0.165700,1,-0.339800,0,0
172,2020-09-16,sh.600519,1760.0000,1764.8100,1719.0000,1725.1000,1760.0000,2251598,3916457761.6500,3,0.179200,1,-1.983000,0,0
173,2020-09-17,sh.600519,1700.0000,1700.0000,1658.0000,1670.5200,1725.1000,6367985,10683350186.5000,3,0.506900,1,-3.163900,0,0
174,2020-09-18,sh.600519,1665.0000,1695.0000,1635.0100,1695.0000,1670.5200,4720140,7853673240.8700,3,0.375700,1,1.465400,0,0
175,2020-09-21,sh.600519,1692.7600,1692.7600,1666.6600,1666.8000,1695.0000,2244407,3756765108.0700,3,0.178700,1,-1.663700,0,0
176,2020-09-22,sh.600519,1650.0000,1686.9800,1650.0000,1665.6900,1666.8000,2326547,3890070212.3900,3,0.185200,1,-0.066600,0,0
177,2020-09-23,sh.600519,1635.0000,1666.0100,1621.0200,1649.9800,1665.6900,3572552,5878691068.9300,3,0.284400,1,-0.943200,0,0
178,2020-09-24,sh.600519,1635.9700,1658.8800,1626.8000,1629.3200,1649.9800,3005078,4915392273.4900,3,0.239200,1,-1.252100,0,0
179,2020-09-25,sh.600519,1630.0000,1650.0000,1625.0000,1635.1100,1629.3200,2258296,3700843486.0000,3,0.179800,1,0.355400,0,0
180,2020-09-28,sh.600519,1635.1900,1668.5000,1635.1900,1661.0000,1635.1100,2423222,4019640150.4200,3,0.192900,1,1.583400,0,0
181,2020-09-29,sh.600519,1669.3300,1669.4000,1652.3000,1652.3000,1661.0000,1743078,2895081365.6100,3,0.138800,1,-0.523800,0,0
182,2020-09-30,sh.600519,1660.0000,1691.9000,1660.0000,1668.5000,1652.3000,2708781,4536012539.9100,3,0.215600,1,0.980500,0,0
183,2020-10-09,sh.600519,1692.0000,1706.4200,1688.0000,1696.0000,1668.5000,3423988,5817280604.6200,3,0.272600,1,1.648200,0,0
184,2020-10-12,sh.600519,1700.0000,1750.6100,1700.0000,1750.6100,1696.0000,4372904,7597987786.3300,3,0.348100,1,3.219900,0,-1
185,2020-10-13,sh.600519,1750.6200,1750.6200,1735.0000,1739.0000,1750.6100,2294389,3995560518.3300,3,0.182600,1,-0.663200,0,0
186,2020-10-14,sh.600519,1740.0000,1746.9800,1726.0000,1729.0000,1739.0000,2048139,3554316588.7400,3,0.163000,1,-0.575000,0,0
187,2020-10-15,sh.600519,1721.1300,1735.0000,1721.0000,1725.0000,1729.0000,1620436,2801250556.4800,3,0.129000,1,-0.231300,0,0
188,2020-10-16,sh.600519,1725.0000,1734.5800,1703.0000,1712.0000,1725.0000,1737738,2991246892.1300,3,0.138300,1,-0.753600,0,0
189,2020-10-19,sh.600519,1725.0000,1733.9800,1691.9000,1699.0000,1712.0000,1922632,3284383414.7100,3,0.153100,1,-0.759300,0,0
190,2020-10-20,sh.600519,1699.9900,1734.9700,1695.0000,1734.0000,1699.0000,2773493,4787807535.8200,3,0.220800,1,2.060000,0,0
191,2020-10-21,sh.600519,1734.1000,1742.1500,1723.0000,1733.3300,1734.0000,1890137,3275357440.3000,3,0.150500,1,-0.038600,0,0
192,2020-10-22,sh.600519,1730.0000,1745.0000,1715.5100,1742.5000,1733.3300,2248087,3897729793.1000,3,0.179000,1,0.529000,0,0
193,2020-10-23,sh.600519,1740.7800,1747.5900,1714.0000,1715.3300,1742.5000,1929169,3339987454.0800,3,0.153600,1,-1.559300,0,0
194,2020-10-26,sh.600519,1619.0000,1662.9200,1600.0000,1643.0000,1715.3300,6601529,10821908227.1200,3,0.525500,1,-4.216700,0,1
195,2020-10-27,sh.600519,1643.0000,1644.0000,1616.1200,1625.0000,1643.0000,4394440,7156688306.5800,3,0.349800,1,-1.095600,0,0
196,2020-10-28,sh.600519,1626.0000,1677.0000,1625.0800,1664.8100,1625.0000,3463653,5739452181.1400,3,0.275700,1,2.449800,0,0
197,2020-10-29,sh.600519,1654.8400,1708.0000,1647.0000,1676.0000,1664.8100,3937376,6633168612.7700,3,0.313400,1,0.672100,0,0
198,2020-10-30,sh.600519,1678.0000,1696.0000,1665.0000,1670.0200,1676.0000,2605545,4379602067.6800,3,0.207400,1,-0.356800,0,0
199,2020-11-02,sh.600519,1675.0000,1695.0000,1672.0000,1674.0100,1670.0200,2106643,3544422245.4300,3,0.167700,1,0.238900,0,0
200,2020-11-03,sh.600519,1684.9900,1705.9000,1675.5000,1695.0000,1674.0100,2349749,3976621208.0600,3,0.187100,1,1.253900,0,0
201,2020-11-04,sh.600519,1700.0000,1704.0000,1685.0000,1699.5800,1695.0000,1644371,2788396252.9400,3,0.130900,1,0.270200,0,0
202,2020-11-05,sh.600519,1717.0000,1732.4800,1712.1000,1721.9000,1699.5800,2352414,4053043270.7100,3,0.187300,1,1.313300,0,0
203,2020-11-06,sh.600519,1730.5500,1731.5900,1690.0000,1700.6200,1721.9000,2305153,3932702366.7000,3,0.183500,1,-1.235800,0,0
204,2020-11-09,sh.600519,1701.3800,1750.6800,1700.6200,1742.5700,1700.6200,4146970,7198679682.9500,3,0.330100,1,2.466700,0,-1
205,2020-11-10,sh.600519,1752.9200,1764.4800,1736.0000,1745.0000,1742.5700,3018944,5287968172.7400,3,0.240300,1,0.139400,0,0
206,2020-11-11,sh.600519,1745.0000,1777.5000,1731.0000,1731.3500,1745.0000,3485073,6122365404.4100,3,0.277400,1,-0.782200,0,0
207,2020-11-12,sh.600519,1730.0100,1750.0000,1722.2700,1734.7900,1731.3500,2347309,4071729791.5600,3,0.186900,1,0.198700,0,0
208,2020-11-13,sh.600519,1724.0000,1728.8800,1691.0000,1705.0000,1734.7900,2815548,4791276459.4700,3,0.224100,1,-1.717200,0,1
209,2020-11-16,sh.600519,1711.0000,1730.0500,1697.2600,1730.0500,1705.0000,3061349,5247897160.8600,3,0.243700,1,1.469200,0,0
210,2020-11-17,sh.600519,1740.0000,1742.3500,1701.0700,1715.8000,1730.0500,2522403,4355288046.5600,3,0.200800,1,-0.823700,0,0
211,2020-11-18,sh.600519,1715.0000,1720.5300,1683.1600,1693.6500,1715.8000,3517895,5973146815.3200,3,0.280000,1,-1.290900,0,0
212,2020-11-19,sh.600519,1684.5000,1725.0000,1680.6000,1720.1900,1693.6500,2781576,4767508752.8100,3,0.221400,1,1.567000,0,0
213,2020-11-20,sh.600519,1720.0000,1736.0000,1712.6500,1719.9600,1720.1900,2187466,3771894859.4900,3,0.174100,1,-0.013400,0,0
214,2020-11-23,sh.600519,1771.0100,1809.9000,1771.0100,1790.2100,1719.9600,6663724,11926870594.6000,3,0.530500,1,4.084400,0,-1
215,2020-11-24,sh.600519,1769.9900,1782.5000,1751.4700,1763.5000,1790.2100,3246536,5736960168.0700,3,0.258400,1,-1.492000,0,0
216,2020-11-25,sh.600519,1761.5000,1768.8800,1724.0000,1726.8800,1763.5000,2822632,4910540740.6500,3,0.224700,1,-2.076600,0,0
217,2020-11-26,sh.600519,1726.0000,1739.9900,1725.1800,1734.3900,1726.8800,2322830,4027749312.8100,3,0.184900,1,0.434900,0,0
218,2020-11-27,sh.600519,1732.6600,1740.0300,1718.0000,1737.9000,1734.3900,2156861,3737697984.7000,3,0.171700,1,0.202400,0,0
219,2020-11-30,sh.600519,1735.0000,1738.9000,1713.9100,1713.9100,1737.9000,3194007,5520322173.1600,3,0.254300,1,-1.380400,0,0
220,2020-12-01,sh.600519,1726.0000,1738.9900,1720.0100,1737.0000,1713.9100,2819620,4891829153.1700,3,0.224500,1,1.347200,0,0
221,2020-12-02,sh.600519,1746.0000,1749.0000,1731.0000,1738.0100,1737.0000,2357169,4101369305.9900,3,0.187600,1,0.058100,0,0
222,2020-12-03,sh.600519,1738.0100,1755.6600,1732.1000,1749.0000,1738.0100,2950578,5147357780.6500,3,0.234900,1,0.632300,0,0
223,2020-12-04,sh.600519,1752.0000,1800.1000,1752.0000,1793.1100,1749.0000,6249119,11176048846.8700,3,0.497500,1,2.522000,0,0
224,2020-12-07,sh.600519,1802.7000,1840.3900,1800.5500,1812.4000,1793.1100,5833133,10617305103.9500,3,0.464300,1,1.075800,0,0
225,2020-12-08,sh.600519,1815.0000,1875.0000,1813.0000,1850.0000,1812.4000,6145400,11333352154.2700,3,0.489200,1,2.074600,0,0
226,2020-12-09,sh.600519,1865.9500,1866.0000,1839.0000,1840.0000,1850.0000,3115212,5766037608.8400,3,0.248000,1,-0.540500,0,0
227,2020-12-10,sh.600519,1840.0000,1849.7700,1828.0000,1832.9000,1840.0000,3265354,6009239910.8600,3,0.259900,1,-0.385900,0,1
228,2020-12-11,sh.600519,1834.7800,1837.3200,1804.8100,1820.0000,1832.9000,3077579,5595359665.3900,3,0.245000,1,-0.703800,0,0
229,2020-12-14,sh.600519,1827.7700,1829.9800,1815.0000,1829.0000,1820.0000,3305200,6026813427.8500,3,0.263100,1,0.494500,0,0
230,2020-12-15,sh.600519,1833.5000,1837.2200,1805.0000,1816.0100,1829.0000,2960497,5383582284.1700,3,0.235700,1,-0.710200,0,0
231,2020-12-16,sh.600519,1830.5000,1845.6700,1820.2100,1840.0000,1816.0100,3215016,5901298274.8500,3,0.255900,1,1.321000,0,0
232,2020-12-17,sh.600519,1845.5000,1868.0000,1840.0000,1865.5100,1840.0000,3603064,6683421886.3900,3,0.286800,1,1.386400,0,0
233,2020-12-18,sh.600519,1851.8100,1869.0100,1841.0800,1845.0000,1865.5100,2707698,5020968993.2200,3,0.215500,1,-1.099400,0,0
234,2020-12-21,sh.600519,1840.0000,1851.2300,1837.6000,1842.5000,1845.0000,3069672,5663526809.1300,3,0.244400,1,-0.135500,0,0
235,2020-12-22,sh.600519,1849.9700,1898.9900,1842.5100,1881.0000,1842.5000,4065060,7618583444.2900,3,0.323600,1,2.089600,0,-1
236,2020-12-23,sh.600519,1897.9900,1906.2000,1821.0200,1841.6500,1881.0000,4770609,8901002261.8800,3,0.379800,1,-2.092000,0,0
237,2020-12-24,sh.600519,1818.0000,1858.8800,1795.0200,1830.3400,1841.6500,3785714,6921989374.4200,3,0.301400,1,-0.614100,0,0
238,2020-12-25,sh.600519,1802.9900,1847.0000,1800.0000,1830.0000,1830.3400,2308805,4218997634.2700,3,0.183800,1,-0.018600,0,0
239,2020-12-28,sh.600519,1826.6000,1888.8000,1826.0500,1873.0000,1830.0000,3008037,5616528738.0700,3,0.239500,1,2.349700,0,0
240,2020-12-29,sh.600519,1873.0000,1886.8000,1855.0000,1867.0000,1873.0000,2286759,4275994833.5500,3,0.182000,1,-0.320300,0,0
241,2020-12-30,sh.600519,1870.0000,1933.0000,1869.9900,1933.0000,1867.0000,3445210,6604461376.1100,3,0.274300,1,3.535100,0,0
242,2020-12-31,sh.600519,1941.0000,1998.9800,1939.0000,1998.0000,1933.0000,3886007,7682300728.3200,3,0.309300,1,3.362600,0,0
243,2021-01-04,sh.600519,1999.9800,2004.9900,1983.8100,1997.0000,1998.0000,4351400,8686920261.1200,3,0.346400,1,-0.050100,0,0
244,2021-01-05,sh.600519,1990.0000,2059.4500,1982.4600,2059.4500,1997.0000,5211605,10592557369.7000,3,0.414900,1,3.127200,0,0
245,2021-01-06,sh.600519,2064.8000,2125.0000,2036.0300,2100.0000,2059.4500,4741020,9882593867.1000,3,0.377400,1,1.969000,0,0
246,2021-01-07,sh.600519,2097.0000,2140.0000,2075.0000,2140.0000,2100.0000,3793139,7991178754.0700,3,0.302000,1,1.904800,0,0
247,2021-01-08,sh.600519,2142.0000,2150.8800,2063.0200,2090.0000,2140.0000,5386164,11345202869.1500,3,0.428800,1,-2.336400,0,0
248,2021-01-11,sh.600519,2090.0000,2150.5000,2058.6000,2099.7300,2090.0000,5107990,10768565414.6600,3,0.406600,1,0.465600,0,0
249,2021-01-12,sh.600519,2088.0000,2160.9000,2085.0000,2160.9000,2099.7300,4105859,8800558287.6600,3,0.326800,1,2.913200,0,0
250,2021-01-13,sh.600519,2164.0000,2173.3300,2135.0000,2164.0000,2160.9000,3438993,7418330853.8200,3,0.273800,1,0.143500,0,0
251,2021-01-14,sh.600519,2156.0000,2163.0000,2116.1100,2134.0000,2164.0000,3615220,7722089683.7200,3,0.287800,1,-1.386300,0,0
252,2021-01-15,sh.600519,2115.0000,2134.3500,2029.0000,2082.0000,2134.0000,5950939,12372103226.5500,3,0.473700,1,-2.436700,0,0
253,2021-01-18,sh.600519,2061.0600,2091.4800,2040.2700,2063.0000,2082.0000,3914404,8076715789.5000,3,0.311600,1,-0.912600,0,1
254,2021-01-19,sh.600519,2073.1100,2096.3000,2006.8500,2009.4100,2063.0000,4634519,9479278513.1900,3,0.368900,1,-2.597700,0,0
255,2021-01-20,sh.600519,2008.0000,2055.4900,1982.5000,2040.6300,2009.4100,4508242,9126453276.9800,3,0.358900,1,1.553700,0,0
256,2021-01-21,sh.600519,2048.0000,2090.0200,2041.0000,2070.0000,2040.6300,3831017,7953455966.9300,3,0.305000,1,1.439300,0,0
257,2021-01-22,sh.600519,2069.0000,2100.0000,2060.1000,2079.9500,2070.0000,2924761,6090260363.6000,3,0.232800,1,0.480700,0,0
258,2021-01-25,sh.600519,2083.0000,2179.5000,2083.0000,2175.0000,2079.9500,5595716,12029474557.6700,3,0.445400,1,4.569800,0,-1
259,2021-01-26,sh.600519,2185.0000,2187.0000,2125.1100,2141.8900,2175.0000,3174746,6820173361.7100,3,0.252700,1,-1.522300,0,0
260,2021-01-27,sh.600519,2141.8900,2141.8900,2085.0000,2089.0000,2141.8900,3712017,7809446386.5400,3,0.295500,1,-2.469300,0,0
261,2021-01-28,sh.600519,2080.0000,2109.6600,2060.0200,2088.0000,2089.0000,3512864,7337084454.9800,3,0.279600,1,-0.047900,0,0
262,2021-01-29,sh.600519,2101.1900,2149.4800,2090.2200,2116.1800,2088.0000,3370133,7166179277.1700,3,0.268300,1,1.349600,0,0
263,2021-02-01,sh.600519,2130.0000,2160.0000,2095.0000,2109.3200,2116.1800,2934059,6219639110.8000,3,0.233600,1,-0.324200,0,0
264,2021-02-02,sh.600519,2112.2200,2149.9900,2102.1000,2145.0000,2109.3200,3458225,7372233581.9000,3,0.275300,1,1.691500,0,0
265,2021-02-03,sh.600519,2150.0000,2198.2700,2140.0000,2189.9100,2145.0000,3871415,8384049314.3100,3,0.308200,1,2.093700,0,0
266,2021-02-04,sh.600519,2191.0000,2330.0000,2191.0000,2320.8500,2189.9100,6385101,14596930187.5000,3,0.508300,1,5.979200,0,0
267,2021-02-05,sh.600519,2325.0000,2364.6000,2291.0000,2313.0000,2320.8500,3972906,9253566204.8200,3,0.316300,1,-0.338200,0,0
268,2021-02-08,sh.600519,2337.0000,2378.8800,2313.0000,2368.8000,2313.0000,3578573,8420758624.8100,3,0.284900,1,2.412500,0,0
269,2021-02-09,sh.600519,2368.8000,2456.4300,2350.0000,2456.4300,2368.8000,3329655,7972930044.9800,3,0.265100,1,3.699300,0,0
270,2021-02-10,sh.600519,2485.0000,2601.2000,2485.0000,2601.0000,2456.4300,6137057,15675929713.5000,3,0.488500,1,5.885400,0,0
271,2021-02-18,sh.600519,2587.9800,2627.8800,2465.0000,2471.0000,2601.0000,6591232,16704135269.4700,3,0.524700,1,-4.998100,0,0
272,2021-02-19,sh.600519,2451.1600,2496.6600,2381.6000,2460.0000,2471.0000,5938546,14525164524.5700,3,0.472700,1,-0.445200,0,0
273,2021-02-22,sh.600519,2455.0000,2455.0000,2278.2200,2288.0200,2460.0000,7893547,18498777222.5400,3,0.628400,1,-6.991100,0,0
274,2021-02-23,sh.600519,2265.1400,2344.8900,2265.0000,2307.0000,2288.0200,5745460,13316110795.1600,3,0.457400,1,0.829500,0,0
275,2021-02-24,sh.600519,2307.9900,2318.0000,2160.5000,2189.0000,2307.0000,8211578,18195034445.0100,3,0.653700,1,-5.114900,0,0
276,2021-02-25,sh.600519,2209.0000,2224.5000,2121.2100,2150.0000,2189.0000,5972643,12982145755.1200,3,0.475500,1,-1.781600,0,0
277,2021-02-26,sh.600519,2100.0000,2179.9500,2067.3000,2122.7800,2150.0000,6652506,14097015493.7000,3,0.529600,1,-1.266000,0,0
278,2021-03-01,sh.600519,2179.0000,2179.0000,2120.0000,2158.0000,2122.7800,4491626,9686945528.9200,3,0.357600,1,1.659100,0,0
279,2021-03-02,sh.600519,2180.0000,2180.0000,2033.0000,2058.0000,2158.0000,7076450,14796698645.5200,3,0.563300,1,-4.633900,0,0
280,2021-03-03,sh.600519,2040.0000,2149.7700,2033.0000,2140.0000,2058.0000,5421546,11366685429.0800,3,0.431600,1,3.984500,0,0
281,2021-03-04,sh.600519,2095.0000,2096.0000,2010.1000,2033.0000,2140.0000,6508829,13297304315.6500,3,0.518100,1,-5.000000,0,0
282,2021-03-05,sh.600519,2000.0000,2095.0000,1988.0000,2060.1100,2033.0000,6377920,13100315985.4200,3,0.507700,1,1.333500,0,0
283,2021-03-08,sh.600519,2074.9600,2085.0000,1960.0000,1960.0000,2060.1100,6309959,12724245990.3800,3,0.502300,1,-4.859400,0,1
284,2021-03-09,sh.600519,1955.0000,2000.0000,1900.1800,1936.9900,1960.0000,8226581,16100769578.8700,3,0.654900,1,-1.174000,0,0
285,2021-03-10,sh.600519,1977.0000,1999.8700,1967.0000,1970.0100,1936.9900,5117174,10136910283.8200,3,0.407400,1,1.704700,0,0
286,2021-03-11,sh.600519,1975.0000,2079.9900,1961.4800,2048.0000,1970.0100,5676897,11521736383.8500,3,0.451900,1,3.958900,0,-1
287,2021-03-12,sh.600519,2070.0000,2077.0000,2002.0100,2026.0000,2048.0000,4032251,8181594631.1700,3,0.321000,1,-1.074200,0,0
288,2021-03-15,sh.600519,2050.0000,2069.8000,1951.1500,1975.4500,2026.0000,6248487,12459955712.1900,3,0.497400,1,-2.495100,0,0
289,2021-03-16,sh.600519,1974.9300,2019.9900,1965.0000,2010.5000,1975.4500,3464850,6918600717.4100,3,0.275800,1,1.774300,0,0
290,2021-03-17,sh.600519,2000.0000,2050.0000,1976.0100,2030.3600,2010.5000,3137491,6352656523.2400,3,0.249800,1,0.987800,0,0
291,2021-03-18,sh.600519,2035.0000,2086.3600,2035.0000,2069.7000,2030.3600,3386488,6997030294.3800,3,0.269600,1,1.937600,0,0
292,2021-03-19,sh.600519,2035.0000,2043.0000,1992.2300,2010.0000,2069.7000,3578077,7211521835.4800,3,0.284800,1,-2.884500,0,0
293,2021-03-22,sh.600519,2000.1000,2026.0900,1955.5500,1989.9900,2010.0000,3691407,7323391310.9300,3,0.293900,1,-0.995500,0,1
294,2021-03-23,sh.600519,1998.8800,2008.8000,1970.0000,1996.0000,1989.9900,2744619,5459520703.3100,3,0.218500,1,0.302000,0,0
295,2021-03-24,sh.600519,1981.0000,2013.0000,1981.0000,1989.0000,1996.0000,2935739,5857848160.3300,3,0.233700,1,-0.350700,0,0
296,2021-03-25,sh.600519,1970.0100,1988.8800,1946.8000,1971.0000,1989.0000,3157523,6216733243.7000,3,0.251400,1,-0.905000,0,0
297,2021-03-26,sh.600519,1985.0000,2022.0000,1958.0000,2013.0000,1971.0000,5001642,9987629443.8100,3,0.398200,1,2.130900,0,0
298,2021-03-29,sh.600519,2043.2000,2096.3500,2026.1500,2034.1000,2013.0000,5699220,11740129412.7900,3,0.453700,1,1.048200,0,0
299,2021-03-30,sh.600519,2040.0000,2086.0000,2035.0800,2056.0500,2034.1000,3262697,6717493349.5500,3,0.259700,1,1.079100,0,0
300,2021-03-31,sh.600519,2045.1000,2046.0200,2000.0000,2009.0000,2056.0500,3715441,7489086233.4300,3,0.295800,1,-2.288400,0,0
301,2021-04-01,sh.600519,2021.0000,2046.8000,2001.2200,2044.5000,2009.0000,2658763,5379775870.0200,3,0.211700,1,1.767000,0,0
302,2021-04-02,sh.600519,2056.0000,2165.0000,2056.0000,2162.0000,2044.5000,5202757,10981752657.5800,3,0.414200,1,5.747100,0,-1
303,2021-04-06,sh.600519,2161.0000,2161.9800,2102.3000,2126.0300,2162.0000,3274177,6967525036.5900,3,0.260600,1,-1.663700,0,0
304,2021-04-07,sh.600519,2104.0600,2117.3000,2050.0000,2061.0000,2126.0300,4020097,8317799924.6500,3,0.320000,1,-3.058800,0,0
305,2021-04-08,sh.600519,2047.0300,2079.0000,2044.0000,2070.0000,2061.0000,2854762,5893307514.4700,3,0.227300,1,0.436700,0,0
306,2021-04-09,sh.600519,2042.0000,2054.0000,2005.0100,2020.0000,2070.0000,2880886,5832453811.8000,3,0.229300,1,-2.415500,0,1
307,2021-04-12,sh.600519,2011.0000,2030.0000,1991.7000,2008.8900,2020.0000,3194307,6409917317.5800,3,0.254300,1,-0.550000,0,0
308,2021-04-13,sh.600519,2020.0000,2049.8000,2009.0000,2021.0000,2008.8900,2899215,5883787293.2700,3,0.230800,1,0.602800,0,0
309,2021-04-14,sh.600519,2035.0000,2048.0000,2016.0000,2047.0000,2021.0000,2411465,4908790022.8400,3,0.192000,1,1.286500,0,0
310,2021-04-15,sh.600519,2030.9000,2046.9000,1990.0000,2015.6000,2047.0000,3436621,6903769489.5100,3,0.273600,1,-1.534000,0,0
311,2021-04-16,sh.600519,2025.0800,2068.0000,2012.0000,2054.9800,2015.6000,3029370,6183895053.7500,3,0.241200,1,1.953800,0,0
312,2021-04-19,sh.600519,2055.0000,2098.3600,2033.0000,2088.0000,2054.9800,3175391,6610577917.1800,3,0.252800,1,1.606800,0,0
313,2021-04-20,sh.600519,2071.1000,2129.0000,2070.0000,2094.8000,2088.0000,2829037,5949669952.6800,3,0.225200,1,0.325700,0,0
314,2021-04-21,sh.600519,2076.0000,2097.8000,2065.1000,2080.0000,2094.8000,2614975,5446145952.1300,3,0.208200,1,-0.706500,0,0
315,2021-04-22,sh.600519,2089.9000,2099.0000,2051.5000,2055.5000,2080.0000,2685002,5539295655.7700,3,0.213700,1,-1.177900,0,0
316,2021-04-23,sh.600519,2055.9700,2119.8800,2052.5000,2108.9400,2055.5000,3346277,7002695288.1000,3,0.266400,1,2.599900,0,-1
317,2021-04-26,sh.600519,2132.0000,2135.0000,2073.6000,2077.8200,2108.9400,3404511,7160836874.3600,3,0.271000,1,-1.475600,0,0
318,2021-04-27,sh.600519,2087.0800,2095.2500,2065.0900,2094.4400,2077.8200,2210785,4607779001.5600,3,0.176000,1,0.799900,0,0
319,2021-04-28,sh.600519,2010.0000,2047.5000,2003.0000,2042.0000,2094.4400,8134295,16463574636.6000,3,0.647500,1,-2.503800,0,0
320,2021-04-29,sh.600519,2047.0400,2049.9400,2014.0000,2026.3600,2042.0000,4128378,8370431227.6800,3,0.328600,1,-0.765900,0,0
321,2021-04-30,sh.600519,2026.0000,2036.0000,2003.7100,2006.7800,2026.3600,3840137,7723747038.4300,3,0.305700,1,-0.966300,0,0
322,2021-05-06,sh.600519,2000.0000,2006.8400,1953.0000,1959.0000,2006.7800,5354614,10584968907.1400,3,0.426300,1,-2.380900,0,0
323,2021-05-07,sh.600519,1965.0000,1967.9800,1901.0000,1903.0000,1959.0000,5249339,10101703446.0600,3,0.417900,1,-2.858600,0,1
324,2021-05-10,sh.600519,1900.0000,1909.0000,1866.0100,1879.0300,1903.0000,4600318,8677753607.6000,3,0.366200,1,-1.259600,0,0
325,2021-05-11,sh.600519,1876.0000,1966.0000,1873.3000,1959.0000,1879.0300,4249412,8209251913.8800,3,0.338300,1,4.255900,0,0
326,2021-05-12,sh.600519,1949.0800,1999.0000,1949.0000,1984.0000,1959.0000,3269887,6473203286.0600,3,0.260300,1,1.276200,0,0
327,2021-05-13,sh.600519,1965.7500,1985.0500,1953.0000,1971.5000,1984.0000,2507751,4934954969.1400,3,0.199600,1,-0.630000,0,0
328,2021-05-14,sh.600519,1982.0000,2030.5000,1976.0000,2009.8500,1971.5000,3561129,7150302044.3700,3,0.283500,1,1.945200,0,0
329,2021-05-17,sh.600519,2025.1000,2085.2000,2025.1000,2057.9600,2009.8500,4452400,9178509985.3700,3,0.354400,1,2.393700,0,-1
330,2021-05-18,sh.600519,2065.0000,2077.0000,2045.0600,2059.3100,2057.9600,1750428,3595891741.8300,3,0.139300,1,0.065600,0,0
331,2021-05-19,sh.600519,2059.0000,2074.8100,2040.0000,2049.0000,2059.3100,2240972,4606452358.4700,3,0.178400,1,-0.500700,0,0
332,2021-05-20,sh.600519,2074.0000,2074.1000,2045.3600,2058.8800,2049.0000,2185716,4500663211.2500,3,0.174000,1,0.482200,0,0
333,2021-05-21,sh.600519,2055.0800,2079.8800,2037.0200,2042.1000,2058.8800,2424823,4976601457.7900,3,0.193000,1,-0.815000,0,0
334,2021-05-24,sh.600519,2051.0000,2080.0600,2031.0000,2071.2900,2042.1000,3254808,6705879397.2900,3,0.259100,1,1.429400,0,0
335,2021-05-25,sh.600519,2085.0000,2200.1000,2085.0000,2194.5000,2071.2900,6775695,14636718750.4200,3,0.539400,1,5.948500,0,0
336,2021-05-26,sh.600519,2207.9800,2241.8000,2193.0800,2220.0000,2194.5000,3860420,8558038173.7100,3,0.307300,1,1.162000,0,0
337,2021-05-27,sh.600519,2211.0200,2320.0000,2201.1000,2245.0000,2220.0000,4537338,10240368980.3600,3,0.361200,1,1.126100,0,0
338,2021-05-28,sh.600519,2240.9700,2250.0000,2205.5100,2230.0000,2245.0000,2580731,5741331985.5200,3,0.205400,1,-0.668200,0,0
339,2021-05-31,sh.600519,2215.5000,2218.3500,2172.0000,2218.0000,2230.0000,3173900,6960864260.2000,3,0.252700,1,-0.538100,0,0
340,2021-06-01,sh.600519,2222.0000,2248.9500,2206.0000,2240.9500,2218.0000,3061634,6832594465.5000,3,0.243700,1,1.034700,0,0
